Customer ID,Customer Name,Address,Age
867,Savrab Desahi, Sattari,76
868,Reka Naik, Old goa,73
869,Aditya Naik, Old goa,73
870,sanju sirsikar, Corlim,42
871,Pakirappa Vernekar, Valpoi,65
872,Shreya Gowdru, Mapusa,28
873,kishan Naik, Sattari,68
874,Naveen Pinto, Bicholim,68
875,Kiran kulkarni, Pernem,74
876,sachin sirsikar, Ponda,45
877,Saanvi Naik, Bicholim,65
878,Rehaman Naik, Ponda,76
879,shila Gavankar, Madgaon,32
880,Ramesh Shetty, Vasco,58
881,Raghu Vernekar, Bicholim,68
882,Vivaan Gowdru, Madgaon,57
883,Ragav kulkarni, Madgaon,76
884,Kiran Parnadis, Panaji,40
885,Vishal Shetty, Corlim,49
886,Geeta Gowdru, Corlim,75
887,Kavya Salgavkar, Sattari,60
888,Saanvi Gowdru, Ponda,73
889,shila Gavankar, Ponda,70
890,Aditya Desahi, Ponda,72
891,Shruthi Salgavkar, Canacona,63
892,Savrab Gowdru, Vasco,32
893,Naveen Gavankar, Vasco,37
894,kishan Naik, Old goa,48
895,Jonsan Vernekar, Ponda,54
896,Deepak Desahi, Panaji,51
897,Rohit Gavankar, Madgaon,71
898,Saanvi kulkarni, Mapusa,54
899,Santhosh Parnadis, Panaji,47
900,Veda Shetty, Valpoi,72
901,Aarav Parnadis, Canacona,43
902,Nikita Naik, Vasco,70
903,Deepak Desahi, Ponda,58
904,Ragav Salgavkar, Vasco,39
905,Atul Shetty, Old goa,57
906,Jagadeesh sirsikar, Panaji,51
907,Santhosh kulkarni, Panaji,68
908,Annapa Pinto, Corlim,44
909,sujay Salgavkar, Bicholim,66
910,Nikita Parnadis, Old goa,76
911,Savrab Kamath, Valpoi,39
912,Diya Salgavkar, Bicholim,72
913,sattesh Shetty, Valpoi,75
914,Shreya Gowdru, Old goa,75
915,shila Shetty, Mapusa,27
916,Jonny Gowdru, Panaji,63
917,Rohan Gowdru, Canacona,62
918,Kiran Parnadis, Ponda,50
919,Jonsan Shetty, Canacona,76
920,sachin Gavankar, Vasco,37
921,Martin Pinto, Mapusa,34
922,Reka Gavankar, Madgaon,42
923,Rohit Pinto, Pernem,38
924,Josep Kamath, Panaji,77
925,Saanvi Desahi, Valpoi,31
926,Cheatan Desahi, Corlim,60
927,Kiran kulkarni, Canacona,64
928,Geeta Salgavkar, Vasco,37
929,Martin Gavankar, Ponda,50
930,sujay Salgavkar, Old goa,52
931,Arjun Pinto, Pernem,44
932,Jagadeesh sirsikar, Pernem,68
933,Jonny Kamath, Mapusa,43
934,sattesh Pinto, Canacona,54
935,Rohit Salgavkar, Valpoi,62
936,Shreya Desahi, Ponda,50
937,Ashok Gowdru, Corlim,61
938,Kiran sirsikar, Ponda,33
939,Veda sirsikar, Bicholim,56
940,vishnu Shetty, Valpoi,36
941,Jonny Shetty, Pernem,66
942,vishnu Gowdru, Sattari,58
943,Aarav kulkarni, Old goa,56
944,Kavya Parnadis, Bicholim,75
945,sachin Salgavkar, Mapusa,25
946,Arjun kulkarni, Pernem,32
947,Ananya sirsikar, Valpoi,68
948,Aarav Shetty, Vasco,63
949,kishan Naik, Vasco,32
950,leela Naik, Vasco,54
951,Preetham Gowdru, Panaji,74
952,Savrab Vernekar, Ponda,28
953,Nikita Parnadis, Corlim,29
954,Apoorva Gavankar, Mapusa,69
955,Nikita Kamath, Valpoi,48
956,Rehaman Parnadis, Mapusa,64
957,leela Gowdru, Pernem,52
958,Shreya Parnadis, Bicholim,35
959,Arjun sirsikar, Vasco,56
960,Kiran Vernekar, Canacona,62
961,Ramesh Salgavkar, Ponda,68
962,Rohan Desahi, Mapusa,36
963,Annapa Naik, Mapusa,51
964,Martin Parnadis, Ponda,59
965,Pakirappa Gowdru, Old goa,76
966,Geeta Parnadis, Sattari,36
967,Apoorva Naik, Ponda,33
968,Geeta Salgavkar, Ponda,45
969,Apoorva Kamath, Panaji,73
970,Jonny sirsikar, Corlim,66
971,Jagadeesh Vernekar, Corlim,51
972,sanju Naik, Old goa,48
973,sattesh kulkarni, Sattari,68
974,sujay Naik, Sattari,60
975,Rahul Salgavkar, Panaji,62
976,Vishal Pinto, Canacona,27
977,sachin Vernekar, Panaji,74
978,Shreya Pinto, Pernem,54
979,Nikita Naik, Old goa,60
980,Jagadeesh Kamath, Canacona,44
981,Deepak Pinto, Bicholim,73
982,Annapa Vernekar, Sattari,36
983,Neha kulkarni, Pernem,46
984,Shruthi Gavankar, Ponda,52
985,Ragav Pinto, Pernem,36
986,Aditya Kamath, Bicholim,33
987,Josep Vernekar, Bicholim,35
988,Martin kulkarni, Panaji,28
989,Jonsan Parnadis, Madgaon,69
990,Reka kulkarni, Corlim,47
991,Jagadeesh kulkarni, Mapusa,57
992,shila Kamath, Ponda,62
993,Arjun Gavankar, Canacona,31
994,Rohan Vernekar, Canacona,42
995,Aarav kulkarni, Mapusa,57
996,shila Desahi, Vasco,61
997,Rahul kulkarni, Bicholim,28
998,sattesh Pinto, Vasco,38
999,vishnu Gowdru, Madgaon,75
1000,Kavya Desahi, Canacona,52
1001,Annapa kulkarni, Madgaon,39
1002,Josep Kamath, Valpoi,35
1003,Annapa sirsikar, Madgaon,33
1004,sachin kulkarni, Panaji,46
1005,Geeta Kamath, Valpoi,60
1006,leela Gowdru, Canacona,46
1007,Santhosh Kamath, Old goa,27
1008,sachin Salgavkar, Sattari,76
1009,Annapa sirsikar, Mapusa,62
1010,Nikita Vernekar, Corlim,75
1011,Pakirappa Parnadis, Madgaon,27
1012,Pakirappa Kamath, Old goa,35
1013,Cheatan Gavankar, Canacona,46
1014,Rohit sirsikar, Madgaon,54
1015,Vivaan Kamath, Sattari,51
1016,Nikita Pinto, Mapusa,34
1017,Diya Kamath, Panaji,58
1018,Atul Desahi, Pernem,58
1019,Josep kulkarni, Madgaon,39
1020,leela Naik, Valpoi,76
1021,sujay Vernekar, Ponda,46
1022,Arjun Naik, Madgaon,45
1023,Santhosh sirsikar, Old goa,52
1024,Vishal Gowdru, Bicholim,50
1025,vishnu Kamath, Vasco,61
1026,Rohit Kamath, Corlim,49
1027,Vishal Parnadis, Corlim,57
1028,Annapa sirsikar, Valpoi,48
1029,Shruthi Gowdru, Vasco,54
1030,sanju Pinto, Panaji,59
1031,Rohit Vernekar, Pernem,30
1032,Josep Vernekar, Vasco,41
1033,shila Salgavkar, Ponda,57
1034,Santhosh Salgavkar, Vasco,74
1035,Jonsan Parnadis, Corlim,69
1036,Annapa Gavankar, Mapusa,74
1037,Jagadeesh Naik, Corlim,50
1038,Reka sirsikar, Madgaon,52
1039,Deepak Kamath, Vasco,77
1040,Raghu Desahi, Panaji,53
1041,sanju Gavankar, Valpoi,65
1042,leela Gavankar, Old goa,43
1043,Saanvi Kamath, Old goa,25
1044,leela sirsikar, Panaji,74
1045,Ashok Gavankar, Valpoi,62
1046,Shruthi Pinto, Panaji,77
1047,Raghu Kamath, Sattari,64
1048,Kiran Desahi, Canacona,56
1049,Savrab kulkarni, Valpoi,65
1050,Diya Vernekar, Canacona,55
1051,Shruthi Parnadis, Mapusa,32
1052,Cheatan Naik, Old goa,37
1053,Neha Naik, Ponda,70
1054,Jonny sirsikar, Old goa,55
1055,Shreya Pinto, Vasco,28
1056,Geeta Desahi, Canacona,62
1057,Aarav sirsikar, Bicholim,41
1058,Atul Desahi, Sattari,66
1059,Josep Salgavkar, Panaji,66
1060,Shruthi Naik, Ponda,29
1061,Ananya Gavankar, Sattari,52
1062,shila Salgavkar, Madgaon,29
1063,Preetham Salgavkar, Mapusa,54
1064,Rahul Desahi, Pernem,25
1065,Nikita kulkarni, Bicholim,36
1066,Arjun Desahi, Valpoi,76
1067,Ashok Vernekar, Ponda,69
1068,Raghu Gavankar, Corlim,29
1069,Kiran Pinto, Old goa,72
1070,Deepak Parnadis, Mapusa,69
1071,vishnu Desahi, Old goa,58
1072,Kavya Pinto, Corlim,35
1073,Neha Gavankar, Panaji,70
1074,Rohan Salgavkar, Vasco,43
1075,Naveen kulkarni, Madgaon,68
1076,Veda Gowdru, Mapusa,56
1077,Martin Gavankar, Canacona,27
1078,Vivaan Gowdru, Bicholim,62
1079,sanju sirsikar, Vasco,31
1080,Arjun Desahi, Canacona,39
1081,sanju Pinto, Madgaon,48
1082,sanju Vernekar, Panaji,66
1083,Santhosh Shetty, Old goa,33
1084,Santhosh Salgavkar, Pernem,51
1085,Ragav kulkarni, Mapusa,62
1086,Raghu Parnadis, Old goa,37
1087,sattesh Salgavkar, Corlim,66
1088,Aditya Gavankar, Old goa,64
1089,Cheatan Vernekar, Old goa,40
1090,sujay Salgavkar, Pernem,55
1091,Saanvi Naik, Ponda,25
1092,Shreya Pinto, Old goa,58
1093,sanju sirsikar, Canacona,49
1094,Ananya Desahi, Ponda,36
1095,Kiran Gowdru, Ponda,46
1096,Ragav Salgavkar, Ponda,76
1097,Jonny Gowdru, Vasco,34
1098,Kiran kulkarni, Valpoi,38
1099,Santhosh Gowdru, Valpoi,33
1100,sachin Parnadis, Pernem,43
1101,Ashok Salgavkar, Sattari,40
1102,Josep Gowdru, Sattari,59
1103,Aditya Desahi, Madgaon,36
1104,Rohit Gowdru, Panaji,55
1105,Aditya Vernekar, Madgaon,77
1106,leela Parnadis, Mapusa,72
1107,Santhosh Gavankar, Canacona,46
1108,sanju Vernekar, Ponda,36
1109,Anika Gowdru, Canacona,57
1110,Atul Gavankar, Madgaon,75
1111,Anika Gowdru, Valpoi,62
1112,Ananya sirsikar, Corlim,61
1113,Rohan Gowdru, Old goa,45
1114,Ashok Gowdru, Bicholim,58
1115,Rehaman Gavankar, Pernem,40
1116,leela Pinto, Canacona,25
1117,Neha Pinto, Sattari,68
1118,Ramesh Desahi, Sattari,27
1119,Shruthi Vernekar, Madgaon,50
1120,Arjun Parnadis, Corlim,37
1121,Aditya Naik, Sattari,66
1122,Ramesh Vernekar, Ponda,34
1123,shila Vernekar, Old goa,77
1124,Jagadeesh Parnadis, Pernem,63
1125,Rehaman Vernekar, Valpoi,31
1126,Ramesh Salgavkar, Valpoi,53
1127,Veda Pinto, Bicholim,43
1128,sujay Desahi, Sattari,49
1129,Raghu Naik, Vasco,55
1130,Anika Vernekar, Madgaon,28
1131,sanju kulkarni, Old goa,61
1132,Rehaman Naik, Pernem,40
1133,Atul Kamath, Old goa,70
1134,Shreya Desahi, Madgaon,76
1135,Jonny Desahi, Madgaon,64
1136,Kiran Gavankar, Mapusa,26
1137,Saanvi Salgavkar, Valpoi,45
1138,Cheatan Salgavkar, Old goa,53
1139,vishnu kulkarni, Canacona,48
1140,Reka Vernekar, Old goa,57
1141,kishan kulkarni, Mapusa,64
1142,Ashok Naik, Canacona,26
1143,Rohit Naik, Sattari,66
1144,Josep Naik, Madgaon,42
1145,shila Parnadis, Sattari,63
1146,Anika Vernekar, Vasco,40
1147,Nikita Shetty, Old goa,54
1148,Cheatan Kamath, Vasco,55
1149,Neha sirsikar, Bicholim,59
1150,Vivaan Parnadis, Vasco,26
1151,Veda kulkarni, Valpoi,75
1152,Naveen Salgavkar, Canacona,76
1153,Reka sirsikar, Panaji,35
1154,Atul Vernekar, Bicholim,77
1155,Ashok Desahi, Mapusa,61
1156,Rohan Kamath, Madgaon,69
1157,Nikita Shetty, Pernem,62
1158,Jonsan Naik, Mapusa,62
1159,Veda Parnadis, Sattari,64
1160,Kiran Gowdru, Bicholim,31
1161,Rohan Pinto, Vasco,62
1162,Naveen Pinto, Mapusa,51
1163,Annapa Parnadis, Panaji,25
1164,Cheatan Gavankar, Pernem,70
1165,Aarav Pinto, Valpoi,56
1166,Jonny Desahi, Vasco,65
1167,shila Gowdru, Corlim,77
1168,Naveen kulkarni, Vasco,39
1169,Aditya Pinto, Pernem,72
1170,Rehaman Gavankar, Old goa,34
1171,Shruthi Desahi, Bicholim,61
1172,Neha sirsikar, Madgaon,77
1173,Aarav Salgavkar, Vasco,55
1174,sanju Gavankar, Bicholim,75
1175,Ashok Desahi, Valpoi,73
1176,Saanvi Salgavkar, Old goa,44
1177,Pakirappa Desahi, Canacona,70
1178,Nikita Salgavkar, Ponda,49
1179,Kavya Desahi, Pernem,29
1180,Jonny Kamath, Mapusa,26
1181,Geeta Vernekar, Panaji,28
1182,Vishal Gavankar, Vasco,26
1183,Ragav Gowdru, Valpoi,69
1184,Neha kulkarni, Valpoi,63
1185,Reka sirsikar, Vasco,50
1186,Arjun kulkarni, Madgaon,68
1187,Josep sirsikar, Valpoi,44
1188,Jonny Desahi, Mapusa,70
1189,Arjun Naik, Valpoi,28
1190,sanju Kamath, Old goa,70
1191,Annapa kulkarni, Canacona,65
1192,kishan Parnadis, Old goa,63
1193,Cheatan Vernekar, Pernem,35
1194,Rehaman Pinto, Panaji,73
1195,Aarav Salgavkar, Ponda,65
1196,Ragav Pinto, Corlim,43
1197,Shreya Parnadis, Old goa,41
1198,Rohit Shetty, Panaji,32
1199,Veda Naik, Bicholim,52
1200,Geeta Parnadis, Sattari,25
1201,Ashok Gowdru, Madgaon,50
1202,leela Salgavkar, Mapusa,60
1203,Rehaman Parnadis, Ponda,61
1204,Diya Pinto, Bicholim,67
1205,Ramesh Vernekar, Old goa,38
1206,Kiran Desahi, Old goa,33
1207,Ashok sirsikar, Bicholim,59
1208,Cheatan Kamath, Old goa,62
1209,Shruthi Kamath, Madgaon,39
1210,Atul Gavankar, Panaji,68
1211,Aarav Desahi, Panaji,58
1212,sattesh Parnadis, Ponda,67
1213,kishan Pinto, Corlim,53
1214,Preetham Gowdru, Pernem,71
1215,Atul Naik, Vasco,76
1216,Anika Naik, Bicholim,43
1217,Naveen Parnadis, Corlim,36
1218,sujay Parnadis, Valpoi,38
1219,vishnu Desahi, Vasco,65
1220,Geeta Parnadis, Mapusa,72
1221,Reka Kamath, Vasco,48
1222,Martin Gowdru, Sattari,52
1223,Ramesh Desahi, Mapusa,43
1224,Rehaman Parnadis, Panaji,74
1225,Shruthi kulkarni, Panaji,56
1226,Rahul Vernekar, Sattari,69
1227,vishnu Shetty, Corlim,67
1228,sachin Vernekar, Bicholim,73
1229,Preetham Salgavkar, Canacona,28
1230,sujay Gavankar, Pernem,41
1231,Shreya Salgavkar, Valpoi,28
1232,Josep kulkarni, Madgaon,42
1233,Neha Gavankar, Mapusa,56
1234,Rohit Gavankar, Vasco,55
1235,Pakirappa Shetty, Valpoi,76
1236,Neha Desahi, Mapusa,26
1237,leela Salgavkar, Madgaon,37
1238,Annapa Gowdru, Mapusa,70
1239,Rehaman sirsikar, Madgaon,46
1240,Jagadeesh Gavankar, Valpoi,57
1241,Ragav Kamath, Valpoi,51
1242,Rahul Parnadis, Madgaon,36
1243,Rahul Shetty, Canacona,72
1244,Aditya Parnadis, Ponda,51
1245,Deepak Parnadis, Sattari,76
1246,Martin kulkarni, Valpoi,65
1247,Ananya Parnadis, Valpoi,25
1248,sachin Pinto, Ponda,57
1249,Santhosh Kamath, Sattari,35
1250,Pakirappa sirsikar, Panaji,69
1251,sanju kulkarni, Panaji,30
1252,Rahul Gavankar, Canacona,28
1253,Rohit kulkarni, Mapusa,46
1254,Saanvi Salgavkar, Madgaon,56
1255,Anika Desahi, Sattari,46
1256,Saanvi Gavankar, Pernem,30
1257,leela Salgavkar, Pernem,26
1258,Rehaman Parnadis, Madgaon,49
1259,Martin Vernekar, Canacona,77
1260,Annapa Shetty, Canacona,36
1261,vishnu Naik, Vasco,61
1262,Arjun Shetty, Ponda,65
1263,Shruthi Shetty, Canacona,51
1264,Preetham sirsikar, Valpoi,42
1265,vishnu Gowdru, Old goa,43
1266,Atul Shetty, Vasco,38
1267,Ananya Gavankar, Sattari,60
1268,Rehaman Gavankar, Vasco,40
1269,Aarav Vernekar, Pernem,66
1270,Arjun Gavankar, Panaji,74
1271,Preetham Desahi, Vasco,37
1272,Rahul kulkarni, Ponda,71
1273,sujay Vernekar, Pernem,53
1274,Nikita Parnadis, Madgaon,38
1275,Martin Pinto, Mapusa,65
1276,Jonny Parnadis, Madgaon,49
1277,Savrab Parnadis, Old goa,29
1278,Martin Gavankar, Vasco,25
1279,leela Desahi, Mapusa,41
1280,Ashok Pinto, Mapusa,49
1281,Ragav Gavankar, Canacona,43
1282,Apoorva Kamath, Vasco,60
1283,shila Salgavkar, Sattari,35
1284,Aarav Desahi, Pernem,31
1285,sanju Gowdru, Old goa,43
1286,Rohit Parnadis, Old goa,66
1287,Jonsan Desahi, Vasco,68
1288,Vishal Vernekar, Canacona,64
1289,Arjun sirsikar, Bicholim,70
1290,leela Desahi, Ponda,62
1291,Vivaan Kamath, Pernem,53
1292,vishnu Gowdru, Panaji,57
1293,Veda Kamath, Pernem,39
1294,sattesh kulkarni, Sattari,55
1295,Aarav Salgavkar, Valpoi,27
1296,Anika Shetty, Valpoi,73
1297,sujay Parnadis, Mapusa,28
1298,leela Gowdru, Mapusa,62
1299,vishnu Vernekar, Pernem,51
1300,Jagadeesh Gavankar, Sattari,29
1301,leela Shetty, Canacona,64
1302,Atul Shetty, Madgaon,61
1303,Annapa Naik, Canacona,64
1304,Rohan Vernekar, Old goa,36
1305,Geeta Naik, Old goa,27
1306,Preetham Vernekar, Valpoi,66
1307,Kavya Shetty, Ponda,27
1308,Vishal Desahi, Old goa,27
1309,Kiran Naik, Corlim,76
1310,Cheatan Gowdru, Canacona,36
1311,Savrab kulkarni, Sattari,48
1312,vishnu Vernekar, Corlim,32
1313,sanju Salgavkar, Pernem,29
1314,Jonny Desahi, Old goa,32
1315,Kiran sirsikar, Mapusa,25
1316,Saanvi Shetty, Ponda,48
1317,Josep Gowdru, Corlim,40
1318,Shreya Desahi, Valpoi,29
1319,sujay kulkarni, Vasco,44
1320,sattesh Desahi, Canacona,55
1321,Anika Salgavkar, Panaji,42
1322,Raghu sirsikar, Old goa,41
1323,Shruthi Desahi, Valpoi,43
1324,Kiran Shetty, Vasco,52
1325,Apoorva Shetty, Sattari,40
1326,Rohit Salgavkar, Canacona,35
1327,Geeta Naik, Panaji,48
1328,Cheatan sirsikar, Sattari,54
1329,Jonny Vernekar, Sattari,25
1330,Neha Desahi, Corlim,53
1331,Shreya Gavankar, Panaji,29
1332,Shruthi Parnadis, Old goa,67
1333,Kiran Desahi, Valpoi,72
1334,Santhosh Vernekar, Bicholim,29
1335,Annapa Vernekar, Ponda,29
1336,Jonsan Gowdru, Corlim,34
1337,Raghu Desahi, Pernem,25
1338,Savrab Kamath, Valpoi,70
1339,Nikita Kamath, Ponda,30
1340,Geeta Salgavkar, Pernem,68
1341,Diya Gowdru, Corlim,72
1342,Pakirappa Kamath, Pernem,26
1343,Santhosh Desahi, Vasco,42
1344,Shreya Gowdru, Canacona,53
1345,Shruthi Kamath, Canacona,64
1346,Veda Shetty, Valpoi,56
1347,Saanvi Gavankar, Panaji,34
1348,Martin Salgavkar, Vasco,73
1349,Ashok kulkarni, Ponda,28
1350,sattesh sirsikar, Pernem,37
1351,sujay Gowdru, Vasco,40
1352,Saanvi Gowdru, Canacona,26
1353,Santhosh Gowdru, Sattari,77
1354,Aditya Shetty, Pernem,70
1355,leela Naik, Pernem,46
1356,Apoorva Desahi, Vasco,51
1357,Neha Gowdru, Ponda,41
1358,Reka Gavankar, Canacona,41
1359,Josep Salgavkar, Sattari,29
1360,Geeta kulkarni, Pernem,40
1361,Kiran Gowdru, Valpoi,28
1362,Kavya Kamath, Pernem,34
1363,Shruthi Shetty, Panaji,46
1364,Reka Pinto, Ponda,27
1365,vishnu Naik, Valpoi,57
1366,shila Gowdru, Panaji,72
1367,Ananya Salgavkar, Panaji,31
1368,Jagadeesh Gavankar, Vasco,43
1369,Reka Pinto, Pernem,30
1370,Jonny kulkarni, Pernem,41
1371,Ragav Kamath, Mapusa,41
1372,Shruthi Gowdru, Pernem,35
1373,Jonsan sirsikar, Ponda,37
1374,Savrab Desahi, Canacona,46
1375,Savrab Gavankar, Old goa,64
1376,Rohit Salgavkar, Pernem,43
1377,Jonsan Vernekar, Panaji,33
1378,Aditya Gavankar, Madgaon,74
1379,Rohit sirsikar, Corlim,45
1380,Reka kulkarni, Sattari,26
1381,shila sirsikar, Vasco,63
1382,Kiran Salgavkar, Vasco,61
1383,Jonny Vernekar, Mapusa,72
1384,Jonny Salgavkar, Corlim,62
1385,Naveen Desahi, Madgaon,27
1386,sanju Naik, Old goa,61
1387,Josep Naik, Mapusa,53
1388,Santhosh Gavankar, Panaji,32
1389,Naveen Kamath, Mapusa,77
1390,Cheatan Gavankar, Valpoi,57
1391,Jagadeesh Desahi, Canacona,67
1392,Shruthi Pinto, Panaji,56
1393,Diya kulkarni, Pernem,35
1394,Nikita Gowdru, Panaji,62
1395,Atul kulkarni, Bicholim,27
1396,Aditya kulkarni, Canacona,38
1397,Jagadeesh Vernekar, Sattari,69
1398,Santhosh Desahi, Vasco,51
1399,Vivaan kulkarni, Bicholim,45
1400,Atul Shetty, Old goa,75
1401,Aditya Vernekar, Sattari,42
1402,Jonsan Desahi, Madgaon,56
1403,Arjun Pinto, Mapusa,25
1404,Jonny Kamath, Vasco,61
1405,Anika kulkarni, Mapusa,26
1406,Rahul Parnadis, Sattari,45
1407,Annapa Desahi, Sattari,50
1408,Naveen kulkarni, Corlim,32
1409,Jonny Desahi, Valpoi,61
1410,Vishal Kamath, Old goa,35
1411,kishan Gavankar, Madgaon,47
1412,Diya Naik, Madgaon,46
1413,Diya Desahi, Bicholim,73
1414,Martin Pinto, Corlim,45
1415,Deepak Naik, Ponda,36
1416,Josep kulkarni, Old goa,48
1417,Rahul Desahi, Vasco,33
1418,Rohan Naik, Canacona,68
1419,shila sirsikar, Old goa,69
1420,Deepak Gavankar, Vasco,67
1421,Rohit Pinto, Old goa,64
1422,Preetham sirsikar, Madgaon,50
1423,Ramesh Pinto, Sattari,35
1424,Rahul kulkarni, Canacona,51
1425,Saanvi Pinto, Ponda,67
1426,Ananya kulkarni, Old goa,54
1427,Nikita Desahi, Panaji,66
1428,Shreya Pinto, Bicholim,43
1429,Preetham Parnadis, Corlim,73
1430,Reka Gavankar, Vasco,27
1431,Kavya Naik, Mapusa,76
1432,Vishal Salgavkar, Pernem,62
1433,Aarav Desahi, Madgaon,53
1434,Rohit kulkarni, Valpoi,25
1435,Rahul Gowdru, Ponda,37
1436,Cheatan Gowdru, Bicholim,61
1437,shila Parnadis, Vasco,37
1438,Annapa Vernekar, Mapusa,33
1439,Naveen Pinto, Ponda,63
1440,Savrab Pinto, Sattari,34
1441,Ashok Pinto, Corlim,60
1442,sattesh Pinto, Vasco,71
1443,Josep kulkarni, Canacona,61
1444,Santhosh Vernekar, Corlim,66
1445,sujay Naik, Canacona,30
1446,Ashok Naik, Madgaon,33
1447,Vivaan Pinto, Corlim,45
1448,Rehaman Vernekar, Canacona,46
1449,sattesh Parnadis, Pernem,71
1450,Rohit Shetty, Pernem,34
1451,Kavya Gowdru, Vasco,29
1452,Saanvi Salgavkar, Mapusa,42
1453,Ramesh Vernekar, Mapusa,66
1454,Naveen Kamath, Mapusa,65
1455,Jonny Shetty, Valpoi,48
1456,Rohit Parnadis, Bicholim,59
1457,Rahul Salgavkar, Panaji,48
1458,Shreya Salgavkar, Sattari,54
1459,Ananya Kamath, Mapusa,65
1460,Rohit Gavankar, Pernem,63
1461,Vivaan Naik, Canacona,62
1462,Neha Shetty, Vasco,58
1463,Rahul Shetty, Mapusa,63
1464,Rehaman Salgavkar, Ponda,72
1465,Aarav Kamath, Old goa,75
1466,Apoorva Kamath, Canacona,64
1467,Aarav Parnadis, Pernem,46
1468,Vishal Kamath, Old goa,38
1469,Martin Naik, Pernem,30
1470,Arjun Desahi, Valpoi,29
1471,Savrab Desahi, Mapusa,67
1472,Nikita sirsikar, Old goa,45
1473,Apoorva Gowdru, Sattari,45
1474,Shruthi Kamath, Vasco,70
1475,Aarav Desahi, Pernem,29
1476,sattesh Gavankar, Corlim,32
1477,Neha Desahi, Old goa,75
1478,Vivaan sirsikar, Panaji,45
1479,Shruthi Gowdru, Ponda,39
1480,Neha kulkarni, Panaji,68
1481,Geeta Desahi, Bicholim,33
1482,Geeta Desahi, Vasco,44
1483,Ragav Kamath, Ponda,26
1484,vishnu Salgavkar, Ponda,53
1485,Diya Gavankar, Corlim,49
1486,Saanvi Parnadis, Old goa,63
1487,Veda Kamath, Madgaon,63
1488,Pakirappa Pinto, Corlim,53
1489,vishnu Kamath, Bicholim,74
1490,Raghu kulkarni, Canacona,46
1491,vishnu kulkarni, Mapusa,29
1492,Geeta Shetty, Panaji,68
1493,Jonsan kulkarni, Mapusa,66
1494,Santhosh Pinto, Ponda,48
1495,Jonsan Gowdru, Canacona,60
1496,Cheatan Vernekar, Vasco,56
1497,Naveen Parnadis, Bicholim,39
1498,shila Salgavkar, Bicholim,68
1499,Shreya Salgavkar, Madgaon,57
1500,Geeta Salgavkar, Bicholim,62
1501,Ashok sirsikar, Valpoi,68
1502,Rohit Parnadis, Ponda,57
1503,Reka Salgavkar, Old goa,52
1504,Preetham Gavankar, Panaji,52
1505,vishnu Vernekar, Sattari,65
1506,Rahul Gowdru, Sattari,33
1507,leela kulkarni, Sattari,50
1508,Rehaman Parnadis, Ponda,52
1509,Naveen Shetty, Sattari,45
1510,Atul Shetty, Old goa,36
1511,Shreya Naik, Vasco,69
1512,Veda sirsikar, Ponda,40
1513,Annapa kulkarni, Mapusa,54
1514,Preetham Kamath, Madgaon,72
1515,Reka Gowdru, Madgaon,59
1516,Rehaman Pinto, Pernem,63
1517,Jagadeesh Parnadis, Mapusa,50
1518,Arjun sirsikar, Canacona,37
1519,Ramesh Desahi, Panaji,57
1520,Rahul Naik, Vasco,42
1521,Jonny Gavankar, Corlim,64
1522,Geeta Salgavkar, Pernem,67
1523,Kavya Naik, Pernem,59
1524,Ananya Gowdru, Bicholim,38
1525,sujay Pinto, Mapusa,68
1526,sanju Vernekar, Ponda,60
1527,Deepak Gowdru, Panaji,43
1528,Santhosh Salgavkar, Panaji,64
1529,Jonsan Gowdru, Madgaon,25
1530,Naveen Salgavkar, Corlim,37
1531,sujay Kamath, Old goa,36
1532,Jagadeesh Desahi, Madgaon,46
1533,Savrab Parnadis, Valpoi,72
1534,Annapa Gavankar, Ponda,69
1535,Kavya Parnadis, Valpoi,28
1536,Anika Salgavkar, Madgaon,49
1537,Diya Vernekar, Panaji,42
1538,Aarav Parnadis, Old goa,44
1539,Jagadeesh sirsikar, Madgaon,54
1540,Geeta sirsikar, Madgaon,49
1541,sachin kulkarni, Panaji,59
1542,leela Vernekar, Madgaon,25
1543,Aarav Pinto, Ponda,50
1544,Rahul Gowdru, Ponda,34
1545,Kiran sirsikar, Valpoi,52
1546,Diya Gavankar, Canacona,57
1547,Arjun Gavankar, Pernem,76
1548,Shruthi Parnadis, Bicholim,60
1549,Veda Desahi, Vasco,72
1550,Arjun Parnadis, Corlim,72
1551,Preetham Gowdru, Madgaon,44
1552,Martin Kamath, Mapusa,51
1553,Preetham Vernekar, Madgaon,36
1554,Kavya Parnadis, Corlim,56
1555,Ananya sirsikar, Vasco,50
1556,Raghu Parnadis, Panaji,40
1557,Savrab Salgavkar, Ponda,40
1558,Geeta Naik, Bicholim,70
1559,Ananya sirsikar, Pernem,41
1560,Ananya Salgavkar, Pernem,70
1561,Vishal Gowdru, Madgaon,52
1562,Jagadeesh Kamath, Vasco,56
1563,Cheatan Gowdru, Bicholim,34
1564,Jagadeesh sirsikar, Panaji,39
1565,Savrab Gowdru, Madgaon,70
1566,sachin Vernekar, Old goa,29
1567,vishnu Desahi, Mapusa,25
1568,Vishal Kamath, Madgaon,29
1569,Rohit Kamath, Sattari,70
1570,Veda Salgavkar, Bicholim,77
1571,Neha Naik, Bicholim,49
1572,Aarav Naik, Valpoi,36
1573,Savrab Vernekar, Mapusa,54
1574,shila Vernekar, Vasco,77
1575,Ramesh Pinto, Sattari,72
1576,Rohan Gavankar, Vasco,69
1577,Rohan Naik, Corlim,67
1578,sujay Desahi, Madgaon,74
1579,Santhosh Naik, Vasco,61
1580,Raghu sirsikar, Bicholim,29
1581,Ramesh kulkarni, Vasco,39
1582,Nikita Parnadis, Old goa,38
1583,sachin kulkarni, Sattari,50
1584,Vishal Kamath, Canacona,71
1585,Annapa Naik, Mapusa,45
1586,Santhosh Kamath, Valpoi,54
1587,Naveen Gowdru, Ponda,52
1588,Rohan Vernekar, Ponda,36
1589,sattesh Shetty, Panaji,58
1590,leela Desahi, Madgaon,51
1591,sattesh Parnadis, Valpoi,55
1592,Jagadeesh Gowdru, Mapusa,37
1593,Saanvi sirsikar, Madgaon,57
1594,shila kulkarni, Valpoi,31
1595,Ragav Gowdru, Canacona,28
1596,Santhosh kulkarni, Pernem,55
1597,Reka Vernekar, Madgaon,26
1598,Annapa Desahi, Corlim,67
1599,kishan Gowdru, Mapusa,37
1600,Ramesh Vernekar, Valpoi,48
1601,sanju Naik, Sattari,65
1602,shila Vernekar, Pernem,42
1603,Nikita Shetty, Pernem,51
1604,Nikita Salgavkar, Panaji,39
1605,Ramesh Vernekar, Sattari,77
1606,Diya Naik, Corlim,51
1607,Deepak Pinto, Panaji,75
1608,Veda Desahi, Bicholim,45
1609,Ananya Vernekar, Panaji,29
1610,Aarav Desahi, Mapusa,64
1611,sachin Naik, Madgaon,60
1612,Neha Vernekar, Mapusa,28
1613,Annapa Salgavkar, Sattari,73
1614,Josep Shetty, Corlim,60
1615,Savrab Gowdru, Ponda,77
1616,Jonsan Gavankar, Vasco,32
1617,Savrab sirsikar, Madgaon,53
1618,Diya Vernekar, Corlim,34
1619,kishan Desahi, Madgaon,61
1620,sachin Pinto, Valpoi,39
1621,sanju Naik, Mapusa,65
1622,Ashok Salgavkar, Ponda,71
1623,Santhosh Kamath, Old goa,25
1624,Savrab Gowdru, Mapusa,54
1625,leela sirsikar, Vasco,72
1626,Kavya Vernekar, Pernem,74
1627,Ashok Gavankar, Madgaon,66
1628,Diya Pinto, Panaji,27
1629,leela Parnadis, Ponda,75
1630,Jonny Kamath, Pernem,33
1631,Nikita Gowdru, Ponda,71
1632,Vivaan Kamath, Old goa,64
1633,Jonsan Kamath, Corlim,56
1634,Arjun Gavankar, Canacona,64
1635,leela Vernekar, Vasco,34
1636,Aarav Vernekar, Madgaon,70
1637,Ragav Salgavkar, Canacona,32
1638,Veda sirsikar, Old goa,31
1639,Nikita Salgavkar, Bicholim,35
1640,Deepak Gavankar, Vasco,34
1641,sachin Gowdru, Pernem,41
1642,Vishal Desahi, Mapusa,44
1643,shila Pinto, Vasco,36
1644,Rohit Salgavkar, Old goa,40
1645,Diya Desahi, Bicholim,71
1646,Pakirappa Pinto, Ponda,28
1647,Aarav Naik, Sattari,72
1648,Naveen Pinto, Panaji,51
1649,Neha Kamath, Madgaon,26
1650,Jagadeesh Shetty, Vasco,47
1651,Jonsan Pinto, Panaji,38
1652,Pakirappa Desahi, Canacona,35
1653,sattesh Desahi, Madgaon,60
1654,Martin sirsikar, Pernem,30
1655,Kavya kulkarni, Pernem,65
1656,Ramesh sirsikar, Madgaon,34
1657,Anika Shetty, Ponda,49
1658,Atul Desahi, Valpoi,25
1659,Jonsan kulkarni, Ponda,59
1660,Aditya Vernekar, Old goa,37
1661,Ashok Parnadis, Mapusa,60
1662,Jonny Naik, Valpoi,61
1663,Vishal Kamath, Valpoi,68
1664,Raghu Shetty, Corlim,45
1665,Santhosh Vernekar, Sattari,49
1666,Anika kulkarni, Old goa,73
1667,sanju Salgavkar, Ponda,76
1668,Vivaan sirsikar, Madgaon,31
1669,Jonsan Shetty, Corlim,55
1670,Raghu Gowdru, Corlim,30
1671,shila Parnadis, Sattari,77
1672,Saanvi kulkarni, Valpoi,72
1673,Shruthi Parnadis, Mapusa,55
1674,Arjun Kamath, Pernem,49
1675,Santhosh kulkarni, Corlim,39
1676,sattesh Parnadis, Panaji,62
1677,Jonny Pinto, Bicholim,48
1678,Deepak Gavankar, Ponda,44
1679,Raghu sirsikar, Corlim,59
1680,Neha Gavankar, Corlim,40
1681,Saanvi Vernekar, Vasco,25
1682,Aditya Vernekar, Canacona,25
1683,Anika kulkarni, Corlim,73
1684,Anika Kamath, Pernem,27
1685,Ashok Desahi, Corlim,42
1686,Nikita Parnadis, Mapusa,77
1687,Atul Naik, Bicholim,35
1688,Geeta Parnadis, Corlim,64
1689,Shreya Kamath, Madgaon,69
1690,Veda Gavankar, Bicholim,33
1691,Naveen Shetty, Vasco,74
1692,Vishal Gowdru, Corlim,68
1693,kishan Vernekar, Madgaon,36
1694,Saanvi Pinto, Canacona,60
1695,Aarav Gowdru, Panaji,47
1696,Deepak Salgavkar, Sattari,27
1697,Neha sirsikar, Canacona,73
1698,sanju Kamath, Corlim,65
1699,Raghu Gowdru, Old goa,61
1700,Naveen kulkarni, Pernem,74
1701,Ashok Parnadis, Sattari,59
1702,Kavya kulkarni, Old goa,72
1703,Naveen sirsikar, Old goa,72
1704,sujay Pinto, Bicholim,41
1705,Saanvi Kamath, Pernem,51
1706,Rohit Salgavkar, Bicholim,36
1707,Cheatan Naik, Panaji,27
1708,Rahul Parnadis, Pernem,27
1709,Neha Desahi, Old goa,44
1710,Martin Kamath, Mapusa,58
1711,Jonsan kulkarni, Canacona,36
1712,Arjun Pinto, Mapusa,48
1713,Ashok Parnadis, Bicholim,41
1714,Josep Pinto, Pernem,47
1715,kishan Shetty, Sattari,42
1716,Geeta Desahi, Corlim,53
1717,Josep Naik, Ponda,69
1718,Veda Salgavkar, Canacona,56
1719,Naveen kulkarni, Mapusa,42
1720,Kiran Shetty, Canacona,65
1721,Annapa Pinto, Corlim,41
1722,Preetham Salgavkar, Pernem,62
1723,sanju Pinto, Panaji,70
1724,Ashok Shetty, Sattari,29
1725,Shreya Kamath, Ponda,49
1726,Rohan Gavankar, Mapusa,43
1727,Santhosh Gavankar, Canacona,73
1728,Cheatan Parnadis, Old goa,47
1729,Vishal Gowdru, Valpoi,58
1730,sanju Gowdru, Vasco,62
1731,Jagadeesh Kamath, Bicholim,25
1732,Jagadeesh Shetty, Panaji,36
1733,Annapa Kamath, Vasco,71
1734,Rohan Naik, Sattari,36
1735,Santhosh Naik, Corlim,35
1736,Atul Vernekar, Panaji,71
1737,sanju Gavankar, Pernem,47
1738,Josep Desahi, Corlim,35
1739,sattesh sirsikar, Sattari,57
1740,Kavya Vernekar, Valpoi,46
1741,Ragav Shetty, Old goa,27
1742,sujay Parnadis, Sattari,26
1743,Deepak Parnadis, Madgaon,39
1744,Cheatan kulkarni, Sattari,36
1745,Jonny Desahi, Mapusa,70
1746,Pakirappa Vernekar, Bicholim,35
1747,sanju Parnadis, Pernem,65
1748,Pakirappa sirsikar, Panaji,67
1749,Deepak Desahi, Pernem,41
1750,Jonsan Salgavkar, Bicholim,50
1751,Rohit Salgavkar, Bicholim,40
1752,Santhosh Parnadis, Vasco,45
1753,Rohan Gavankar, Vasco,77
1754,Vivaan Desahi, Panaji,56
1755,Veda Gavankar, Mapusa,60
1756,Arjun Gowdru, Ponda,76
1757,sachin Gowdru, Sattari,45
1758,Santhosh Gavankar, Canacona,50
1759,Annapa Gowdru, Mapusa,70
1760,Atul sirsikar, Pernem,73
1761,shila Naik, Corlim,46
1762,Ragav Naik, Vasco,71
1763,Vivaan Gowdru, Madgaon,37
1764,Cheatan Naik, Old goa,38
1765,Kiran Salgavkar, Sattari,73
1766,Rohan kulkarni, Corlim,43
1767,vishnu Kamath, Panaji,76
1768,Annapa Desahi, Canacona,75
1769,vishnu Parnadis, Sattari,73
1770,Raghu Desahi, Old goa,73
1771,Shreya Parnadis, Old goa,52
1772,sachin Parnadis, Bicholim,27
1773,Ragav sirsikar, Canacona,54
1774,Deepak Salgavkar, Sattari,33
1775,Kiran Naik, Old goa,50
1776,Shreya Pinto, Pernem,49
1777,Jonsan kulkarni, Pernem,36
1778,Shruthi Parnadis, Old goa,45
1779,Deepak Naik, Corlim,77
1780,Shreya Kamath, Old goa,46
1781,Vishal Parnadis, Pernem,65
1782,Aditya Gowdru, Pernem,40
1783,Jonny Gavankar, Ponda,27
1784,Preetham Kamath, Pernem,53
1785,Aarav Vernekar, Ponda,71
1786,Josep sirsikar, Canacona,33
1787,leela kulkarni, Pernem,76
1788,leela Kamath, Valpoi,36
1789,Ramesh Kamath, Vasco,72
1790,Rahul Desahi, Mapusa,65
1791,Neha Parnadis, Old goa,53
1792,Shreya Salgavkar, Canacona,71
1793,Josep Parnadis, Panaji,62
1794,Rohit Gavankar, Valpoi,57
1795,Jonsan Naik, Valpoi,47
1796,Vivaan Salgavkar, Sattari,27
1797,Apoorva Shetty, Canacona,38
1798,sachin Pinto, Bicholim,30
1799,Shreya Vernekar, Sattari,46
1800,Jagadeesh Pinto, Canacona,49
1801,Annapa Kamath, Canacona,58
1802,Veda kulkarni, Mapusa,29
1803,Deepak Desahi, Sattari,65
1804,Ramesh Parnadis, Pernem,75
1805,Jonny Salgavkar, Old goa,48
1806,Jagadeesh Parnadis, Old goa,46
1807,Rahul Kamath, Madgaon,37
1808,Shruthi Gowdru, Bicholim,66
1809,shila Kamath, Valpoi,30
1810,Saanvi Gavankar, Madgaon,34
1811,sanju Kamath, Bicholim,41
1812,Vishal Parnadis, Vasco,69
1813,leela Salgavkar, Canacona,29
1814,Raghu Gowdru, Mapusa,67
1815,Anika Shetty, Old goa,53
1816,Martin Shetty, Sattari,71
1817,Josep Pinto, Old goa,30
1818,Annapa kulkarni, Old goa,45
1819,Atul Shetty, Madgaon,64
1820,Reka Gowdru, Canacona,63
1821,vishnu Pinto, Madgaon,41
1822,Rohan Salgavkar, Valpoi,65
1823,Nikita Vernekar, Panaji,60
1824,Preetham Gowdru, Ponda,50
1825,Ashok Shetty, Canacona,53
1826,Rahul Vernekar, Panaji,58
1827,Ananya Gavankar, Sattari,62
1828,Kavya Desahi, Madgaon,66
1829,kishan Naik, Sattari,40
1830,Kiran Desahi, Mapusa,37
1831,Kiran sirsikar, Ponda,59
1832,Ashok Shetty, Mapusa,44
1833,Aditya sirsikar, Pernem,41
1834,Reka Vernekar, Pernem,35
1835,sujay Shetty, Panaji,77
1836,Rehaman Shetty, Madgaon,66
1837,Rohan Shetty, Corlim,62
1838,Rahul kulkarni, Canacona,55
1839,Deepak kulkarni, Canacona,27
1840,Ragav Pinto, Vasco,59
1841,Apoorva Pinto, Mapusa,55
1842,Aarav Kamath, Madgaon,37
1843,Raghu Gowdru, Sattari,66
1844,Jonsan Gavankar, Valpoi,49
1845,Nikita Gavankar, Valpoi,64
1846,Geeta Naik, Bicholim,31
1847,sanju Pinto, Sattari,53
1848,Aditya sirsikar, Valpoi,57
1849,Vivaan Naik, Mapusa,51
1850,Pakirappa Desahi, Old goa,53
1851,Josep kulkarni, Vasco,46
1852,Reka sirsikar, Corlim,38
1853,sujay sirsikar, Vasco,32
1854,kishan Salgavkar, Canacona,41
1855,Cheatan kulkarni, Pernem,70
1856,Martin sirsikar, Mapusa,45
1857,Rohit Parnadis, Pernem,64
1858,sanju Shetty, Old goa,43
1859,Vivaan sirsikar, Ponda,56
1860,Nikita Kamath, Corlim,67
1861,Jonsan sirsikar, Valpoi,56
1862,Neha Vernekar, Mapusa,60
1863,Rohan Naik, Pernem,43
1864,Cheatan Kamath, Panaji,45
1865,sanju Parnadis, Bicholim,41
1866,Shruthi Parnadis, Pernem,56
1867,Shreya kulkarni, Corlim,74
1868,Diya sirsikar, Bicholim,66
1869,Ashok Gavankar, Valpoi,46
1870,Ananya Shetty, Sattari,38
1871,Neha sirsikar, Ponda,42
1872,leela Vernekar, Sattari,67
1873,sachin Parnadis, Mapusa,58
1874,Ashok Shetty, Ponda,42
1875,Savrab Gavankar, Valpoi,49
1876,Pakirappa Desahi, Pernem,59
1877,Vishal kulkarni, Corlim,56
1878,Josep Shetty, Panaji,71
1879,Saanvi Gavankar, Pernem,71
1880,Savrab Desahi, Valpoi,54
1881,Ragav Shetty, Panaji,60
1882,Jagadeesh Naik, Mapusa,37
1883,Reka Gavankar, Corlim,44
1884,Shreya sirsikar, Vasco,43
1885,Diya Naik, Vasco,52
1886,Reka Desahi, Pernem,45
1887,Martin Salgavkar, Corlim,51
1888,Naveen Kamath, Ponda,69
1889,Geeta Shetty, Sattari,39
1890,Jonny Shetty, Madgaon,57
1891,Pakirappa Salgavkar, Bicholim,67
1892,sattesh Gavankar, Panaji,25
1893,Cheatan Kamath, Madgaon,36
1894,Annapa kulkarni, Madgaon,49
1895,Naveen Gavankar, Vasco,62
1896,Jonny Gavankar, Valpoi,60
1897,Vishal kulkarni, Bicholim,74
1898,Rohan Desahi, Madgaon,37
1899,Veda Naik, Old goa,42
1900,Reka Gowdru, Sattari,34
1901,Cheatan Desahi, Madgaon,44
1902,Nikita Kamath, Bicholim,70
1903,Kavya Salgavkar, Mapusa,66
1904,sujay Gavankar, Vasco,55
1905,Kavya Kamath, Vasco,76
1906,Annapa sirsikar, Vasco,51
1907,Atul kulkarni, Madgaon,59
1908,Jonny Salgavkar, Mapusa,74
1909,shila Gowdru, Madgaon,55
1910,Saanvi Vernekar, Valpoi,62
1911,Jonsan sirsikar, Valpoi,70
1912,sattesh sirsikar, Mapusa,64
1913,Reka Shetty, Ponda,75
1914,Pakirappa Shetty, Vasco,77
1915,sujay Salgavkar, Bicholim,44
1916,Atul sirsikar, Pernem,65
1917,Arjun sirsikar, Madgaon,49
1918,Pakirappa Naik, Canacona,29
1919,Deepak Kamath, Corlim,76
1920,Shreya sirsikar, Vasco,39
1921,Arjun Gowdru, Valpoi,54
1922,Deepak Parnadis, Old goa,38
1923,Diya Desahi, Valpoi,25
1924,Jonsan kulkarni, Bicholim,27
1925,Martin sirsikar, Ponda,27
1926,Santhosh Kamath, Vasco,29
1927,Ragav Salgavkar, Panaji,66
1928,Rehaman Parnadis, Vasco,25
1929,Pakirappa Vernekar, Bicholim,74
1930,Annapa Pinto, Canacona,34
1931,Neha Shetty, Pernem,32
1932,Anika Vernekar, Old goa,37
1933,sachin kulkarni, Valpoi,69
1934,Shreya Desahi, Bicholim,40
1935,Kavya Kamath, Canacona,51
1936,Shruthi Salgavkar, Pernem,77
1937,Rohit Gowdru, Pernem,72
1938,Raghu Pinto, Ponda,48
1939,Anika Pinto, Vasco,67
1940,Naveen Salgavkar, Vasco,38
1941,Apoorva Pinto, Madgaon,56
1942,Ramesh Gavankar, Pernem,55
1943,Aarav Gowdru, Valpoi,36
1944,Jagadeesh Shetty, Corlim,47
1945,Aditya Parnadis, Old goa,50
1946,sujay Kamath, Bicholim,49
1947,Rohan sirsikar, Canacona,51
1948,Kiran Parnadis, Pernem,43
1949,Rohit Vernekar, Vasco,50
1950,Vishal Pinto, Madgaon,77
1951,Jonny Desahi, Ponda,58
1952,Reka Vernekar, Vasco,66
1953,Aarav Gavankar, Pernem,66
1954,Rehaman Kamath, Canacona,70
1955,Martin kulkarni, Sattari,76
1956,Shreya Gavankar, Panaji,77
1957,Josep Gavankar, Panaji,52
1958,Santhosh Kamath, Canacona,38
1959,Anika Naik, Corlim,38
1960,Vishal Desahi, Sattari,46
1961,Rehaman Desahi, Vasco,26
1962,Arjun Shetty, Mapusa,31
1963,Ramesh Gavankar, Panaji,36
1964,Rehaman Gowdru, Ponda,66
1965,Santhosh Gavankar, Ponda,62
1966,Diya Naik, Sattari,49
1967,Aarav Salgavkar, Canacona,26
1968,Naveen kulkarni, Corlim,64
1969,Ragav Gowdru, Vasco,49
1970,Naveen Gavankar, Sattari,27
1971,Cheatan Vernekar, Vasco,52
1972,Nikita Shetty, Mapusa,32
1973,Anika Parnadis, Canacona,51
1974,Vishal Salgavkar, Pernem,61
1975,Reka Gavankar, Mapusa,29
1976,Diya Vernekar, Old goa,77
1977,shila Parnadis, Madgaon,32
1978,shila Kamath, Mapusa,45
1979,Naveen Gavankar, Corlim,74
1980,Veda Gowdru, Valpoi,71
1981,Apoorva kulkarni, Bicholim,34
1982,Atul Pinto, Old goa,69
1983,Saanvi Vernekar, Sattari,50
1984,leela Parnadis, Corlim,76
1985,Pakirappa sirsikar, Bicholim,55
1986,Diya Parnadis, Corlim,48
1987,Kiran Salgavkar, Valpoi,44
1988,Anika sirsikar, Pernem,64
1989,Nikita Shetty, Bicholim,32
1990,Jonny Naik, Vasco,57
1991,Josep Gavankar, Old goa,26
1992,Cheatan Gowdru, Valpoi,36
1993,Geeta Vernekar, Corlim,77
1994,Ramesh Shetty, Panaji,47
1995,Veda Shetty, Pernem,41
1996,Vivaan Desahi, Corlim,42
1997,Rohit Salgavkar, Madgaon,58
1998,Ragav Shetty, Valpoi,67
1999,Neha Naik, Sattari,44
2000,Veda Pinto, Mapusa,77
2001,Shruthi Shetty, Mapusa,60
2002,Raghu Naik, Pernem,72
2003,Shreya Parnadis, Sattari,42
2004,shila Gowdru, Madgaon,66
2005,Ramesh Gavankar, Mapusa,60
2006,Kavya Naik, Valpoi,49
2007,Shruthi Vernekar, Bicholim,58
2008,sachin sirsikar, Ponda,32
2009,Reka kulkarni, Madgaon,45
2010,Annapa kulkarni, Vasco,46
2011,Arjun Desahi, Canacona,54
2012,Kiran kulkarni, Valpoi,61
2013,Santhosh Vernekar, Vasco,40
2014,Kavya kulkarni, Panaji,28
2015,shila Naik, Ponda,39
2016,Aditya Salgavkar, Bicholim,37
2017,Shreya Parnadis, Old goa,51
2018,Ananya Gavankar, Pernem,46
2019,kishan kulkarni, Bicholim,56
2020,Jonny sirsikar, Old goa,64
2021,kishan Shetty, Bicholim,59
2022,Jonny Gowdru, Ponda,25
2023,Shruthi sirsikar, Mapusa,45
2024,shila Vernekar, Mapusa,58
2025,Atul Salgavkar, Bicholim,73
2026,Saanvi Salgavkar, Vasco,64
2027,Josep Shetty, Panaji,76
2028,Veda Parnadis, Valpoi,47
2029,Saanvi Parnadis, Bicholim,66
2030,Nikita Vernekar, Panaji,37
2031,Shruthi Vernekar, Madgaon,65
2032,Reka Salgavkar, Sattari,72
2033,Annapa Pinto, Vasco,54
2034,Arjun Desahi, Mapusa,70
2035,sanju Naik, Canacona,41
2036,sachin Naik, Vasco,33
2037,Diya Shetty, Pernem,35
2038,Shruthi Gavankar, Bicholim,69
2039,Josep Shetty, Old goa,59
2040,Santhosh Kamath, Panaji,60
2041,Rohan Shetty, Ponda,37
2042,Reka Pinto, Vasco,29
2043,Naveen Pinto, Mapusa,58
2044,kishan Kamath, Ponda,62
2045,Aditya Kamath, Panaji,48
2046,sachin Naik, Corlim,54
2047,kishan Pinto, Sattari,49
2048,Aditya kulkarni, Old goa,29
2049,Annapa sirsikar, Valpoi,66
2050,sujay sirsikar, Old goa,77
2051,Preetham Vernekar, Sattari,55
2052,Saanvi Desahi, Valpoi,72
2053,Geeta Desahi, Corlim,71
2054,Jagadeesh Gavankar, Mapusa,55
2055,Kiran Desahi, Pernem,41
2056,Geeta Shetty, Canacona,33
2057,Ananya Kamath, Mapusa,74
2058,Rohit Shetty, Corlim,29
2059,Shruthi Naik, Panaji,68
2060,Rohan Vernekar, Pernem,65
2061,Rehaman Parnadis, Sattari,57
2062,Anika Desahi, Ponda,39
2063,Savrab sirsikar, Panaji,73
2064,Annapa Parnadis, Mapusa,56
2065,Ramesh Naik, Ponda,33
2066,Martin Naik, Old goa,63
2067,Jagadeesh Gavankar, Corlim,77
2068,Shreya Pinto, Sattari,27
2069,leela Kamath, Pernem,30
2070,Saanvi Gowdru, Sattari,62
2071,Annapa Kamath, Madgaon,47
2072,Jonny kulkarni, Old goa,55
2073,Rohan Naik, Ponda,41
2074,Josep Gavankar, Madgaon,40
2075,Shruthi sirsikar, Canacona,39
2076,Rohan Desahi, Bicholim,29
2077,shila Shetty, Pernem,77
2078,sanju Parnadis, Panaji,62
2079,Neha Vernekar, Pernem,63
2080,Rahul sirsikar, Panaji,69
2081,Rohit Desahi, Old goa,56
2082,Preetham kulkarni, Canacona,58
2083,Reka sirsikar, Valpoi,28
2084,sattesh Kamath, Madgaon,36
2085,sanju Salgavkar, Vasco,38
2086,Josep Shetty, Sattari,67
2087,Jagadeesh Vernekar, Panaji,38
2088,sanju Kamath, Ponda,58
2089,Apoorva Gavankar, Ponda,38
2090,Cheatan kulkarni, Sattari,25
2091,Annapa Gowdru, Old goa,49
2092,Apoorva Shetty, Sattari,72
2093,Annapa kulkarni, Mapusa,62
2094,Atul Naik, Bicholim,66
2095,Savrab kulkarni, Madgaon,29
2096,Geeta Desahi, Panaji,71
2097,Kavya Gavankar, Ponda,29
2098,Ramesh Gavankar, Sattari,50
2099,Ramesh Desahi, Old goa,67
2100,Preetham Shetty, Sattari,32
2101,Ananya Salgavkar, Old goa,60
2102,Rahul Shetty, Panaji,69
2103,Nikita kulkarni, Valpoi,67
2104,Santhosh Gavankar, Vasco,74
2105,Preetham Gowdru, Pernem,68
2106,Jonny Salgavkar, Vasco,49
2107,Ramesh Shetty, Panaji,53
2108,Pakirappa Shetty, Pernem,58
2109,Jonny Naik, Panaji,57
2110,Aarav Vernekar, Canacona,59
2111,Raghu Kamath, Pernem,52
2112,shila Shetty, Pernem,60
2113,Neha Shetty, Corlim,69
2114,sujay Salgavkar, Old goa,65
2115,Deepak Gowdru, Ponda,39
2116,vishnu sirsikar, Panaji,47
2117,Rahul Desahi, Valpoi,29
2118,Pakirappa sirsikar, Corlim,56
2119,Jonsan Pinto, Valpoi,74
2120,sujay Naik, Bicholim,54
2121,Veda Shetty, Sattari,60
2122,Ananya Salgavkar, Bicholim,57
2123,Nikita kulkarni, Corlim,44
2124,Ananya Gowdru, Madgaon,40
2125,Saanvi kulkarni, Panaji,28
2126,vishnu Kamath, Pernem,30
2127,Rahul kulkarni, Mapusa,43
2128,Saanvi Gowdru, Mapusa,56
2129,sachin Naik, Valpoi,32
2130,Anika Naik, Canacona,72
2131,Ragav Vernekar, Panaji,71
2132,Anika Kamath, Bicholim,38
2133,Cheatan Kamath, Corlim,70
2134,Aarav Desahi, Madgaon,56
2135,Martin Parnadis, Corlim,63
2136,Martin Shetty, Madgaon,33
2137,Ananya Parnadis, Corlim,32
2138,Santhosh Shetty, Sattari,63
2139,Ashok Naik, Sattari,28
2140,Kavya Naik, Mapusa,42
2141,Vivaan Vernekar, Corlim,33
2142,Shruthi Salgavkar, Sattari,61
2143,Annapa Parnadis, Valpoi,70
2144,Saanvi kulkarni, Ponda,27
2145,Ragav Shetty, Vasco,41
2146,Rohan Vernekar, Valpoi,44
2147,Jonsan Shetty, Panaji,58
2148,Geeta kulkarni, Mapusa,25
2149,Ashok Desahi, Corlim,28
2150,Jagadeesh Parnadis, Corlim,61
2151,Neha Pinto, Bicholim,40
2152,Saanvi Parnadis, Old goa,26
2153,sanju sirsikar, Madgaon,29
2154,Atul Gowdru, Mapusa,75
2155,Annapa Gowdru, Sattari,30
2156,Kiran Parnadis, Pernem,29
2157,Annapa Kamath, Vasco,54
2158,Ragav sirsikar, Old goa,55
2159,vishnu Shetty, Sattari,65
2160,Josep kulkarni, Canacona,67
2161,sujay Parnadis, Old goa,73
2162,Apoorva kulkarni, Mapusa,75
2163,Aarav Desahi, Vasco,28
2164,Rohan Desahi, Valpoi,50
2165,Saanvi Desahi, Mapusa,72
2166,Jonsan Gowdru, Sattari,61
2167,Martin sirsikar, Bicholim,26
2168,kishan Shetty, Bicholim,58
2169,Rohan Kamath, Mapusa,34
2170,Nikita Shetty, Valpoi,61
2171,Preetham Desahi, Valpoi,34
2172,Savrab Parnadis, Panaji,39
2173,Kiran kulkarni, Ponda,29
2174,sujay Kamath, Valpoi,51
2175,Shreya Vernekar, Vasco,70
2176,Kavya Gavankar, Sattari,64
2177,Reka Desahi, Mapusa,71
2178,Arjun Salgavkar, Pernem,55
2179,Reka sirsikar, Canacona,65
2180,Rahul Kamath, Corlim,25
2181,Rohit Desahi, Sattari,49
2182,Vishal Kamath, Madgaon,40
2183,Raghu sirsikar, Old goa,71
2184,Ananya Desahi, Panaji,74
2185,Shreya Naik, Panaji,41
2186,Geeta Kamath, Vasco,62
2187,Apoorva Kamath, Old goa,49
2188,Geeta Pinto, Canacona,47
2189,Nikita kulkarni, Pernem,49
2190,sachin Kamath, Vasco,62
2191,Preetham sirsikar, Ponda,76
2192,Jonny Naik, Sattari,25
2193,Reka Vernekar, Valpoi,54
2194,Rehaman Salgavkar, Mapusa,74
2195,Raghu Shetty, Madgaon,44
2196,shila Gowdru, Madgaon,35
2197,kishan Parnadis, Bicholim,38
2198,sujay Pinto, Ponda,45
2199,Vivaan Pinto, Bicholim,76
2200,Cheatan kulkarni, Valpoi,28
2201,Naveen Shetty, Corlim,49
2202,Ananya sirsikar, Sattari,30
2203,Shreya Pinto, Bicholim,58
2204,Pakirappa sirsikar, Madgaon,52
2205,leela Pinto, Madgaon,77
2206,Arjun Vernekar, Pernem,47
2207,Pakirappa Parnadis, Corlim,68
2208,Shreya Desahi, Bicholim,39
2209,Rohit Salgavkar, Panaji,37
2210,Atul Desahi, Mapusa,46
2211,Arjun Gavankar, Ponda,32
2212,Nikita Kamath, Canacona,34
2213,Atul Parnadis, Valpoi,28
2214,Geeta Parnadis, Corlim,36
2215,Rohan Kamath, Bicholim,28
2216,Anika kulkarni, Vasco,32
2217,vishnu Kamath, Mapusa,75
2218,sachin Kamath, Madgaon,51
2219,Martin Pinto, Pernem,45
2220,Anika Shetty, Vasco,71
2221,Saanvi Desahi, Sattari,46
2222,Reka Shetty, Madgaon,44
2223,Aditya Pinto, Valpoi,58
2224,Neha Parnadis, Old goa,70
2225,Jonny Kamath, Panaji,44
2226,Anika Shetty, Ponda,48
2227,sanju Pinto, Mapusa,57
2228,Shruthi Kamath, Pernem,60
2229,Atul sirsikar, Old goa,59
2230,Raghu kulkarni, Canacona,36
2231,Geeta Kamath, Sattari,47
2232,Jonny sirsikar, Sattari,35
2233,Santhosh kulkarni, Canacona,43
2234,Ashok Gowdru, Panaji,53
2235,Ramesh Gowdru, Panaji,41
2236,Aarav Parnadis, Bicholim,61
2237,Annapa kulkarni, Sattari,66
2238,Raghu sirsikar, Pernem,57
2239,Santhosh Kamath, Bicholim,64
2240,Anika Pinto, Madgaon,53
2241,sanju Parnadis, Panaji,38
2242,leela kulkarni, Pernem,48
2243,Geeta Parnadis, Bicholim,57
2244,Rohan Shetty, Sattari,49
2245,Rehaman Kamath, Ponda,39
2246,Ramesh Naik, Old goa,66
2247,Pakirappa sirsikar, Madgaon,39
2248,Annapa Gavankar, Madgaon,60
2249,Deepak Gavankar, Canacona,74
2250,Naveen kulkarni, Bicholim,72
2251,Ananya Vernekar, Bicholim,36
2252,Deepak Salgavkar, Old goa,71
2253,Rohan Parnadis, Corlim,35
2254,Annapa Gowdru, Canacona,49
2255,leela sirsikar, Ponda,50
2256,Annapa Naik, Valpoi,28
2257,Preetham Kamath, Bicholim,45
2258,Savrab Pinto, Vasco,69
2259,sachin Desahi, Mapusa,61
2260,shila kulkarni, Bicholim,63
2261,Josep Kamath, Mapusa,50
2262,Rohan Kamath, Panaji,47
2263,Preetham Salgavkar, Bicholim,42
2264,Reka sirsikar, Panaji,74
2265,Ramesh kulkarni, Madgaon,37
2266,Kiran sirsikar, Canacona,36
2267,Geeta kulkarni, Canacona,38
2268,Geeta Gowdru, Panaji,43
2269,Atul kulkarni, Ponda,34
2270,Raghu Parnadis, Panaji,72
2271,Savrab sirsikar, Mapusa,75
2272,Neha Vernekar, Valpoi,32
2273,Jonny Shetty, Canacona,44
2274,Anika Parnadis, Madgaon,31
2275,Jonsan Parnadis, Vasco,54
2276,Neha Desahi, Old goa,59
2277,Saanvi Parnadis, Corlim,52
2278,Geeta Naik, Canacona,62
2279,Aditya Shetty, Canacona,75
2280,Apoorva Gowdru, Mapusa,57
2281,Rohit Desahi, Corlim,63
2282,Cheatan Kamath, Madgaon,61
2283,Vishal Pinto, Ponda,74
2284,Geeta Salgavkar, Old goa,28
2285,Aditya Vernekar, Corlim,32
2286,Rohit Desahi, Ponda,69
2287,Raghu Shetty, Vasco,76
2288,Preetham Gowdru, Vasco,52
2289,Rahul Gavankar, Madgaon,42
2290,Martin kulkarni, Bicholim,63
2291,leela Gowdru, Ponda,63
2292,Ashok Parnadis, Valpoi,67
2293,Vishal Pinto, Mapusa,46
2294,Vivaan Pinto, Old goa,68
2295,Aditya Gavankar, Old goa,77
2296,Ananya Kamath, Corlim,48
2297,vishnu kulkarni, Valpoi,75
2298,Cheatan Kamath, Sattari,36
2299,Arjun Shetty, Valpoi,70
2300,Deepak Parnadis, Sattari,34
2301,Nikita Gavankar, Ponda,64
2302,Veda Gavankar, Ponda,54
2303,Rohan Gavankar, Pernem,68
2304,Neha sirsikar, Madgaon,72
2305,Aditya sirsikar, Corlim,34
2306,Ramesh Salgavkar, Vasco,31
2307,Martin Gavankar, Madgaon,65
2308,Annapa Vernekar, Canacona,53
2309,Preetham Vernekar, Sattari,25
2310,Jonny Gavankar, Mapusa,66
2311,Ashok Kamath, Bicholim,72
2312,sujay Shetty, Canacona,63
2313,Jonny Pinto, Mapusa,71
2314,Kiran Salgavkar, Ponda,25
2315,Deepak Pinto, Bicholim,55
2316,Atul Gowdru, Corlim,49
2317,Reka Kamath, Valpoi,68
2318,Rohan Naik, Sattari,48
2319,kishan kulkarni, Canacona,27
2320,Cheatan sirsikar, Sattari,37
2321,Jonsan Parnadis, Bicholim,73
2322,Martin Parnadis, Old goa,55
2323,Atul Parnadis, Corlim,56
2324,sanju Gavankar, Bicholim,25
2325,Rohan kulkarni, Canacona,38
2326,sachin Naik, Canacona,50
2327,Jagadeesh Shetty, Sattari,30
2328,Raghu Kamath, Bicholim,43
2329,Jonsan Kamath, Pernem,63
2330,leela Kamath, Madgaon,54
2331,Aditya Desahi, Valpoi,60
2332,Naveen Gowdru, Madgaon,67
2333,Ashok Gavankar, Sattari,74
2334,Apoorva Gowdru, Old goa,64
2335,sujay Pinto, Bicholim,63
2336,Ashok Parnadis, Canacona,33
2337,Rahul Gowdru, Vasco,67
2338,Kavya Gavankar, Corlim,26
2339,Atul Gowdru, Old goa,68
2340,Atul kulkarni, Ponda,70
2341,Deepak kulkarni, Vasco,69
2342,Rohit Pinto, Old goa,41
2343,sanju Kamath, Bicholim,63
2344,Saanvi Desahi, Sattari,25
2345,Ananya Kamath, Valpoi,49
2346,vishnu Shetty, Madgaon,57
2347,Rehaman Naik, Bicholim,41
2348,Vivaan Naik, Corlim,27
2349,Ragav Parnadis, Panaji,45
2350,Jagadeesh Parnadis, Bicholim,75
2351,Reka Gowdru, Panaji,25
2352,Jonny Kamath, Madgaon,35
2353,Martin Desahi, Valpoi,49
2354,Santhosh Desahi, Ponda,58
2355,sachin Pinto, Vasco,68
2356,Arjun kulkarni, Panaji,50
2357,Jonsan Vernekar, Valpoi,63
2358,Ananya Pinto, Vasco,55
2359,Veda Gavankar, Bicholim,49
2360,Rohan Naik, Valpoi,65
2361,Arjun Gavankar, Bicholim,25
2362,Vishal Parnadis, Ponda,72
2363,Rehaman Gowdru, Panaji,55
2364,Pakirappa Shetty, Bicholim,73
2365,Aditya Naik, Corlim,31
2366,Aditya Salgavkar, Mapusa,49
2367,Shreya Gowdru, Old goa,35
2368,Raghu sirsikar, Madgaon,42
2369,Kiran Parnadis, Old goa,71
2370,Diya Kamath, Pernem,70
2371,sachin Naik, Ponda,50
2372,Preetham Vernekar, Ponda,53
2373,Jagadeesh Vernekar, Corlim,63
2374,Rehaman Salgavkar, Sattari,54
2375,Rohit Gavankar, Pernem,66
2376,Rahul Parnadis, Valpoi,25
2377,Vivaan Desahi, Mapusa,67
2378,Rehaman Parnadis, Bicholim,55
2379,Jagadeesh Parnadis, Ponda,43
2380,Ramesh Parnadis, Corlim,43
2381,Jonny Gowdru, Bicholim,66
2382,Apoorva sirsikar, Corlim,45
2383,Cheatan Shetty, Valpoi,52
2384,Josep Salgavkar, Mapusa,51
2385,Aditya Gowdru, Canacona,61
2386,sachin Gavankar, Mapusa,64
2387,sattesh Salgavkar, Panaji,71
2388,Atul Gowdru, Panaji,33
2389,Kavya sirsikar, Old goa,46
2390,Ananya Parnadis, Ponda,64
2391,Annapa Shetty, Ponda,60
2392,Martin Gowdru, Madgaon,34
2393,Savrab Shetty, Old goa,28
2394,Shreya Pinto, Vasco,74
2395,Preetham sirsikar, Ponda,38
2396,shila Vernekar, Corlim,46
2397,Arjun Pinto, Ponda,67
2398,Reka Parnadis, Pernem,32
2399,Aarav Desahi, Valpoi,33
2400,Preetham Gowdru, Old goa,31
2401,Shreya kulkarni, Pernem,35
2402,Shreya Pinto, Bicholim,51
2403,Annapa Kamath, Canacona,26
2404,Geeta Shetty, Pernem,55
2405,Rahul Gavankar, Corlim,76
2406,Rohit Gowdru, Mapusa,33
2407,Kavya Gowdru, Valpoi,53
2408,Ragav Parnadis, Vasco,73
2409,Aarav Pinto, Valpoi,74
2410,Shruthi Salgavkar, Old goa,36
2411,Shruthi Salgavkar, Panaji,53
2412,Ramesh Kamath, Bicholim,46
2413,Ragav Vernekar, Mapusa,70
2414,Savrab sirsikar, Ponda,42
2415,kishan Kamath, Sattari,71
2416,Rahul Kamath, Bicholim,76
2417,Cheatan Gavankar, Valpoi,75
2418,Kiran Naik, Vasco,32
2419,Aditya sirsikar, Sattari,68
2420,Jonny Pinto, Madgaon,30
2421,sanju Naik, Canacona,37
2422,Pakirappa sirsikar, Corlim,63
2423,Vivaan kulkarni, Mapusa,52
2424,Annapa Parnadis, Vasco,32
2425,Vishal Pinto, Vasco,35
2426,Raghu Salgavkar, Mapusa,41
2427,Ragav Kamath, Canacona,55
2428,Savrab Pinto, Panaji,33
2429,Kiran Desahi, Pernem,67
2430,Shreya Gowdru, Mapusa,72
2431,Deepak Pinto, Ponda,34
2432,Ananya Kamath, Ponda,75
2433,Martin Gowdru, Vasco,40
2434,Rohan Parnadis, Madgaon,53
2435,Jagadeesh Naik, Madgaon,44
2436,Kiran Parnadis, Canacona,26
2437,Arjun Vernekar, Canacona,43
2438,kishan kulkarni, Valpoi,73
2439,Pakirappa Shetty, Mapusa,42
2440,Neha Shetty, Corlim,29
2441,Jagadeesh Vernekar, Pernem,71
2442,Santhosh Pinto, Sattari,26
2443,Apoorva Vernekar, Mapusa,68
2444,Naveen Desahi, Old goa,32
2445,Santhosh sirsikar, Canacona,75
2446,Deepak sirsikar, Vasco,49
2447,Diya Kamath, Ponda,69
2448,Rohit Salgavkar, Corlim,68
2449,Neha Naik, Sattari,43
2450,Kiran Gavankar, Pernem,42
2451,Rohit Shetty, Bicholim,77
2452,Pakirappa Naik, Valpoi,67
2453,Annapa Gowdru, Valpoi,37
2454,Rohan Gowdru, Mapusa,29
2455,Arjun Gavankar, Pernem,51
2456,Rohit Salgavkar, Old goa,73
2457,Raghu Gavankar, Madgaon,49
2458,Preetham kulkarni, Canacona,61
2459,Aarav Parnadis, Panaji,77
2460,Vishal Gavankar, Valpoi,63
2461,Aarav Salgavkar, Vasco,45
2462,Ananya Kamath, Bicholim,72
2463,sattesh Desahi, Ponda,28
2464,leela Salgavkar, Bicholim,40
2465,Arjun kulkarni, Corlim,53
2466,Naveen Gavankar, Canacona,45
2467,Geeta sirsikar, Ponda,52
2468,Cheatan sirsikar, Bicholim,73
2469,Josep Parnadis, Pernem,53
2470,Jonny Pinto, Valpoi,57
2471,Jagadeesh Salgavkar, Old goa,47
2472,Naveen sirsikar, Bicholim,36
2473,Vivaan Gowdru, Pernem,45
2474,sachin Salgavkar, Vasco,32
2475,Annapa Naik, Old goa,59
2476,Neha Shetty, Bicholim,53
2477,Anika Naik, Pernem,77
2478,Rohit sirsikar, Bicholim,77
2479,Rahul Parnadis, Mapusa,40
2480,leela Parnadis, Sattari,64
2481,Annapa sirsikar, Bicholim,48
2482,Ananya Desahi, Panaji,73
2483,kishan Pinto, Ponda,32
2484,Cheatan kulkarni, Madgaon,37
2485,Pakirappa kulkarni, Ponda,49
2486,leela kulkarni, Ponda,52
2487,leela Shetty, Valpoi,69
2488,Shreya kulkarni, Ponda,44
2489,Veda Naik, Valpoi,43
2490,Kiran Gavankar, Pernem,41
2491,Anika Parnadis, Corlim,39
2492,Jonny Desahi, Sattari,36
2493,Shreya Pinto, Madgaon,72
2494,Rohit Gavankar, Sattari,60
2495,Deepak sirsikar, Madgaon,50
2496,Aarav Salgavkar, Vasco,70
2497,Ragav Gowdru, Canacona,55
2498,Arjun Desahi, Canacona,55
2499,Aditya Salgavkar, Sattari,58
2500,Nikita Parnadis, Pernem,54
2501,Aditya Pinto, Pernem,37
2502,Diya sirsikar, Corlim,39
2503,Diya Salgavkar, Corlim,52
2504,Diya Shetty, Madgaon,74
2505,Reka Salgavkar, Madgaon,55
2506,Naveen Gowdru, Sattari,40
2507,sattesh Vernekar, Old goa,58
2508,Vishal Kamath, Corlim,68
2509,Ananya Gowdru, Pernem,46
2510,Pakirappa sirsikar, Madgaon,47
2511,Annapa Parnadis, Corlim,26
2512,Santhosh Shetty, Ponda,62
2513,Veda kulkarni, Pernem,60
2514,vishnu Naik, Mapusa,62
2515,Savrab Kamath, Madgaon,70
2516,kishan Desahi, Ponda,68
2517,Aditya Desahi, Bicholim,49
2518,Jagadeesh Gowdru, Vasco,45
2519,Aditya Shetty, Old goa,30
2520,Kavya Gavankar, Pernem,54
2521,Reka kulkarni, Madgaon,39
2522,Ananya Pinto, Vasco,25
2523,Rohan Gowdru, Canacona,77
2524,Pakirappa Parnadis, Bicholim,42
2525,Jonsan Naik, Valpoi,69
2526,Veda Pinto, Old goa,27
2527,Veda Vernekar, Madgaon,47
2528,Vivaan Parnadis, Bicholim,71
2529,Apoorva Salgavkar, Ponda,28
2530,Jonsan Naik, Madgaon,67
2531,Arjun Gowdru, Old goa,70
2532,sachin Kamath, Vasco,71
2533,Ananya Pinto, Panaji,55
2534,sattesh Gowdru, Mapusa,66
2535,Martin Desahi, Valpoi,75
2536,Veda kulkarni, Valpoi,74
2537,Apoorva sirsikar, Madgaon,59
2538,sujay Shetty, Vasco,32
2539,Aarav Vernekar, Sattari,69
2540,Jonsan Vernekar, Madgaon,52
2541,shila Vernekar, Mapusa,66
2542,Naveen Kamath, Pernem,29
2543,Martin Naik, Pernem,69
2544,Veda Gowdru, Sattari,75
2545,Jonny Vernekar, Mapusa,40
2546,Santhosh Gavankar, Mapusa,58
2547,Apoorva Salgavkar, Valpoi,69
2548,Martin Pinto, Old goa,44
2549,Pakirappa Vernekar, Madgaon,66
2550,sattesh kulkarni, Mapusa,49
2551,sachin Gowdru, Corlim,61
2552,Jonsan Parnadis, Corlim,30
2553,Neha kulkarni, Canacona,69
2554,Santhosh Parnadis, Corlim,34
2555,Savrab Vernekar, Mapusa,55
2556,Shruthi Gavankar, Canacona,69
2557,Diya sirsikar, Madgaon,29
2558,Neha Kamath, Old goa,53
2559,Savrab Gavankar, Valpoi,68
2560,Veda Desahi, Panaji,30
2561,Naveen kulkarni, Panaji,68
2562,Arjun Vernekar, Vasco,53
2563,sattesh Vernekar, Vasco,45
2564,Reka Kamath, Old goa,65
2565,Vivaan Gowdru, Corlim,56
2566,Martin Vernekar, Pernem,64
2567,Rohit Gavankar, Vasco,61
2568,Diya kulkarni, Mapusa,33
2569,Arjun kulkarni, Sattari,35
2570,Aarav sirsikar, Valpoi,68
2571,sachin sirsikar, Madgaon,40
2572,Aditya Gowdru, Sattari,25
2573,Shreya Salgavkar, Valpoi,34
2574,Martin Salgavkar, Canacona,57
2575,Raghu Gowdru, Ponda,60
2576,Anika Gavankar, Canacona,72
2577,Rohit Vernekar, Sattari,30
2578,kishan Shetty, Bicholim,51
2579,Martin sirsikar, Sattari,37
2580,sachin Gavankar, Old goa,70
2581,Arjun sirsikar, Ponda,65
2582,Apoorva kulkarni, Ponda,34
2583,Geeta Pinto, Mapusa,29
2584,kishan Pinto, Madgaon,64
2585,Shreya Shetty, Vasco,57
2586,leela kulkarni, Panaji,42
2587,Aditya Naik, Vasco,68
2588,Vivaan Vernekar, Bicholim,71
2589,Ragav kulkarni, Valpoi,60
2590,Jagadeesh kulkarni, Canacona,74
2591,sattesh Vernekar, Canacona,77
2592,Rahul Pinto, Madgaon,31
2593,Reka Naik, Sattari,51
2594,Reka Shetty, Mapusa,38
2595,Ragav Vernekar, Valpoi,53
2596,Saanvi Gavankar, Sattari,72
2597,Jonny Vernekar, Ponda,67
2598,Cheatan Naik, Pernem,77
2599,Naveen Desahi, Canacona,60
2600,Kiran Gowdru, Vasco,38
2601,sanju Gavankar, Corlim,42
2602,Santhosh Gavankar, Bicholim,41
2603,Aditya sirsikar, Bicholim,63
2604,Nikita Pinto, Pernem,32
2605,Aarav Vernekar, Bicholim,28
2606,Shreya kulkarni, Sattari,37
2607,Kavya Pinto, Sattari,34
2608,Kiran Gavankar, Valpoi,74
2609,Rehaman Shetty, Canacona,67
2610,Deepak Naik, Old goa,71
2611,sujay Kamath, Canacona,26
2612,Ananya Gavankar, Valpoi,52
2613,Rehaman kulkarni, Madgaon,55
2614,Rahul kulkarni, Canacona,53
2615,Vivaan Shetty, Ponda,51
2616,Pakirappa Gavankar, Old goa,45
2617,Naveen Pinto, Mapusa,40
2618,Jagadeesh Gowdru, Valpoi,43
2619,Deepak Gavankar, Bicholim,74
2620,kishan Pinto, Valpoi,53
2621,Preetham sirsikar, Old goa,27
2622,Aarav Pinto, Panaji,76
2623,Aditya Kamath, Corlim,74
2624,Ananya Pinto, Panaji,40
2625,leela Naik, Bicholim,50
2626,Reka Naik, Panaji,27
2627,kishan sirsikar, Vasco,74
2628,sattesh Pinto, Vasco,52
2629,Josep Gowdru, Mapusa,63
2630,Santhosh Vernekar, Mapusa,40
2631,Geeta sirsikar, Canacona,35
2632,Vivaan Parnadis, Old goa,43
2633,Anika Shetty, Vasco,47
2634,Aarav Vernekar, Madgaon,70
2635,Cheatan Gavankar, Madgaon,52
2636,Apoorva Naik, Bicholim,67
2637,leela Gowdru, Bicholim,48
2638,Aarav Parnadis, Panaji,56
2639,Atul Salgavkar, Mapusa,67
2640,Cheatan Gowdru, Mapusa,26
2641,Atul sirsikar, Madgaon,66
2642,Ashok Shetty, Mapusa,55
2643,shila Desahi, Corlim,30
2644,Rohit Desahi, Mapusa,61
2645,Diya Gavankar, Canacona,39
2646,Arjun Gowdru, Sattari,29
2647,Rahul Naik, Sattari,52
2648,sujay Parnadis, Bicholim,28
2649,Reka Gowdru, Valpoi,41
2650,Raghu Kamath, Bicholim,49
2651,Aarav Salgavkar, Bicholim,48
2652,Vivaan Gowdru, Sattari,47
2653,Cheatan Desahi, Ponda,52
2654,Neha Pinto, Mapusa,37
2655,Kiran Naik, Sattari,66
2656,Kavya Naik, Canacona,56
2657,Neha kulkarni, Bicholim,34
2658,Nikita Kamath, Corlim,34
2659,Deepak Salgavkar, Bicholim,41
2660,Kavya sirsikar, Vasco,27
2661,Josep Kamath, Pernem,63
2662,Rohan sirsikar, Panaji,64
2663,Cheatan Salgavkar, Bicholim,35
2664,Rahul Kamath, Bicholim,46
2665,Santhosh Shetty, Pernem,42
2666,Pakirappa Desahi, Vasco,46
2667,Veda Parnadis, Ponda,50
2668,Naveen Salgavkar, Corlim,46
2669,Nikita Desahi, Sattari,71
2670,Ashok Gowdru, Bicholim,67
2671,sujay Vernekar, Vasco,69
2672,Kiran Gavankar, Old goa,43
2673,Ramesh sirsikar, Sattari,59
2674,Rehaman kulkarni, Sattari,67
2675,Ananya Kamath, Pernem,28
2676,Arjun Salgavkar, Panaji,54
2677,Vivaan Gavankar, Ponda,74
2678,Rohan Salgavkar, Vasco,33
2679,kishan Gowdru, Valpoi,47
2680,Diya Naik, Ponda,44
2681,shila Gowdru, Corlim,50
2682,Nikita Gavankar, Ponda,28
2683,Aditya Kamath, Ponda,45
2684,Nikita Gowdru, Old goa,30
2685,Rehaman Gowdru, Canacona,54
2686,Pakirappa Parnadis, Ponda,52
2687,Deepak sirsikar, Vasco,67
2688,Raghu Pinto, Valpoi,41
2689,Ananya kulkarni, Valpoi,41
2690,Josep sirsikar, Ponda,66
2691,shila Parnadis, Valpoi,32
2692,Jagadeesh kulkarni, Pernem,51
2693,Ashok Shetty, Vasco,48
2694,Diya Pinto, Sattari,77
2695,Atul kulkarni, Sattari,57
2696,sachin Gavankar, Corlim,30
2697,Santhosh Kamath, Sattari,71
2698,Shruthi Gavankar, Bicholim,73
2699,kishan Kamath, Ponda,45
2700,Shreya Shetty, Madgaon,61
2701,Preetham sirsikar, Madgaon,41
2702,Ashok Pinto, Sattari,27
2703,Santhosh Parnadis, Ponda,37
2704,Raghu Vernekar, Vasco,56
2705,Annapa Desahi, Panaji,62
2706,Martin Naik, Valpoi,31
2707,Savrab Kamath, Corlim,56
2708,Shruthi Naik, Sattari,44
2709,Arjun Shetty, Panaji,32
2710,Savrab Parnadis, Sattari,50
2711,Shreya Shetty, Bicholim,77
2712,Nikita kulkarni, Corlim,65
2713,Rohit Shetty, Valpoi,75
2714,Shreya Shetty, Vasco,56
2715,vishnu kulkarni, Mapusa,44
2716,Rehaman Parnadis, Bicholim,53
2717,Aarav Pinto, Bicholim,61
2718,Vivaan sirsikar, Mapusa,70
2719,Deepak Gavankar, Mapusa,42
2720,Aarav Pinto, Madgaon,55
2721,Anika Parnadis, Corlim,33
2722,sachin Gavankar, Pernem,33
2723,Vishal Kamath, Old goa,53
2724,Savrab Vernekar, Bicholim,44
2725,Kavya Desahi, Madgaon,60
2726,Ananya Vernekar, Bicholim,69
2727,Preetham Naik, Mapusa,38
2728,Annapa kulkarni, Sattari,39
2729,Arjun Naik, Pernem,62
2730,Kavya Parnadis, Vasco,31
2731,Deepak Gowdru, Ponda,34
2732,Josep Kamath, Panaji,27
2733,Ashok sirsikar, Vasco,49
2734,Rehaman Shetty, Old goa,49
2735,sachin Shetty, Pernem,49
2736,Saanvi Desahi, Corlim,52
2737,Arjun Vernekar, Canacona,48
2738,Nikita Salgavkar, Canacona,38
2739,Kiran Pinto, Canacona,51
2740,Vishal Desahi, Vasco,36
2741,Reka Shetty, Old goa,69
2742,vishnu Parnadis, Madgaon,27
2743,Pakirappa Gowdru, Sattari,67
2744,Rehaman Gavankar, Sattari,28
2745,Reka kulkarni, Corlim,71
2746,Ashok Vernekar, Madgaon,38
2747,Naveen Gowdru, Ponda,62
2748,Saanvi Parnadis, Madgaon,63
2749,Preetham kulkarni, Corlim,40
2750,Aditya Naik, Canacona,48
2751,Rehaman Parnadis, Canacona,44
2752,Neha kulkarni, Pernem,47
2753,Ashok Desahi, Valpoi,40
2754,shila sirsikar, Corlim,53
2755,sanju Vernekar, Canacona,62
2756,Aditya Salgavkar, Valpoi,33
2757,Ramesh kulkarni, Old goa,34
2758,Pakirappa Gowdru, Canacona,65
2759,Rehaman Kamath, Ponda,32
2760,Kiran kulkarni, Sattari,42
2761,Shreya Gavankar, Corlim,36
2762,Shruthi Naik, Valpoi,73
2763,Santhosh Naik, Madgaon,32
2764,vishnu Kamath, Sattari,68
2765,Shreya Salgavkar, Vasco,42
2766,Shreya Vernekar, Sattari,29
2767,Vivaan Naik, Madgaon,57
2768,sachin Parnadis, Bicholim,41
2769,Rahul kulkarni, Madgaon,29
2770,Jonny Gavankar, Panaji,63
2771,Anika Naik, Corlim,74
2772,Rehaman Desahi, Old goa,44
2773,sujay Gavankar, Ponda,55
2774,Annapa Pinto, Canacona,63
2775,Ragav Desahi, Canacona,73
2776,Jagadeesh Parnadis, Madgaon,33
2777,Arjun Gowdru, Sattari,73
2778,Apoorva Desahi, Vasco,31
2779,Nikita Parnadis, Ponda,67
2780,Naveen Desahi, Madgaon,57
2781,Jonsan Desahi, Corlim,71
2782,Vishal sirsikar, Ponda,27
2783,Rohan kulkarni, Old goa,72
2784,Neha kulkarni, Madgaon,36
2785,Shruthi Shetty, Vasco,53
2786,Anika Salgavkar, Corlim,49
2787,Ramesh Pinto, Corlim,51
2788,Aditya Naik, Madgaon,53
2789,sachin Parnadis, Pernem,68
2790,sujay Parnadis, Valpoi,39
2791,Naveen kulkarni, Valpoi,54
2792,Rohan Vernekar, Madgaon,39
2793,Ananya Gavankar, Pernem,72
2794,Atul Gavankar, Canacona,42
2795,Vivaan Pinto, Old goa,55
2796,Cheatan Naik, Madgaon,59
2797,Savrab Desahi, Old goa,49
2798,sachin Vernekar, Madgaon,60
2799,Deepak Gavankar, Sattari,44
2800,kishan Desahi, Bicholim,39
2801,Aarav Salgavkar, Canacona,65
2802,Martin Kamath, Ponda,46
2803,Cheatan Salgavkar, Corlim,66
2804,Atul Vernekar, Bicholim,74
2805,Reka Vernekar, Ponda,59
2806,Rohit Naik, Panaji,46
2807,Geeta Gowdru, Valpoi,70
2808,Nikita Salgavkar, Bicholim,49
2809,Apoorva Shetty, Mapusa,57
2810,Jonsan Vernekar, Corlim,58
2811,Ananya Naik, Canacona,39
2812,leela Shetty, Corlim,36
2813,Kiran Gowdru, Sattari,74
2814,Shreya Vernekar, Corlim,64
2815,Vishal Desahi, Canacona,42
2816,Apoorva Vernekar, Bicholim,30
2817,Rohit Gowdru, Panaji,74
2818,Geeta Parnadis, Pernem,47
2819,Saanvi Kamath, Panaji,76
2820,Cheatan Vernekar, Old goa,70
2821,Deepak Shetty, Vasco,57
2822,Apoorva kulkarni, Panaji,41
2823,leela sirsikar, Valpoi,66
2824,vishnu Salgavkar, Valpoi,75
2825,sujay Kamath, Panaji,54
2826,Rahul Salgavkar, Madgaon,34
2827,Nikita sirsikar, Old goa,68
2828,Neha Parnadis, Pernem,31
2829,Aditya Vernekar, Mapusa,40
2830,Kiran Vernekar, Old goa,55
2831,sachin Vernekar, Bicholim,51
2832,Ashok sirsikar, Old goa,27
2833,Ramesh Vernekar, Corlim,34
2834,Martin Naik, Madgaon,58
2835,Diya sirsikar, Sattari,38
2836,sachin Desahi, Panaji,51
2837,shila sirsikar, Madgaon,62
2838,Apoorva kulkarni, Pernem,74
2839,vishnu Vernekar, Ponda,67
2840,kishan Pinto, Mapusa,27
2841,sachin Gavankar, Mapusa,30
2842,Santhosh Kamath, Valpoi,77
2843,Preetham Desahi, Valpoi,45
2844,Geeta Vernekar, Old goa,40
2845,Veda Shetty, Pernem,74
2846,leela Shetty, Bicholim,43
2847,Deepak Salgavkar, Mapusa,46
2848,sanju Naik, Valpoi,64
2849,Geeta Salgavkar, Corlim,54
2850,Jonny Naik, Corlim,48
2851,Naveen Desahi, Panaji,64
2852,Ashok Naik, Madgaon,58
2853,kishan sirsikar, Ponda,56
2854,Jonny Gowdru, Corlim,62
2855,Vishal Gowdru, Ponda,71
2856,Annapa kulkarni, Ponda,51
2857,Apoorva Shetty, Madgaon,69
2858,Raghu Vernekar, Panaji,33
2859,Rehaman Gowdru, Panaji,71
2860,Kiran Shetty, Vasco,27
2861,Rehaman Gavankar, Sattari,56
2862,Rohit Gavankar, Old goa,67
2863,Pakirappa kulkarni, Bicholim,35
2864,Savrab Gowdru, Canacona,66
2865,Nikita Gavankar, Ponda,47
2866,Ragav Salgavkar, Sattari,34
2867,Deepak Kamath, Bicholim,68
2868,Atul Gowdru, Ponda,48
2869,Arjun Vernekar, Vasco,28
2870,Pakirappa Salgavkar, Corlim,50
2871,Jonny Gavankar, Canacona,33
2872,Arjun Kamath, Vasco,27
2873,sanju Naik, Madgaon,39
2874,kishan Pinto, Valpoi,35
2875,Arjun Desahi, Sattari,45
2876,Anika Pinto, Mapusa,52
2877,Santhosh Vernekar, Pernem,31
2878,Martin Pinto, Pernem,67
2879,Pakirappa Gavankar, Ponda,60
2880,Ananya Salgavkar, Canacona,41
2881,Rehaman kulkarni, Madgaon,59
2882,sanju Naik, Corlim,26
2883,Saanvi kulkarni, Madgaon,36
2884,Rohit Salgavkar, Corlim,29
2885,Santhosh Gavankar, Mapusa,51
2886,Veda kulkarni, Mapusa,76
2887,sattesh sirsikar, Vasco,45
2888,Apoorva Gowdru, Sattari,43
2889,Vishal Pinto, Ponda,67
2890,Anika Gavankar, Sattari,60
2891,Aditya sirsikar, Madgaon,61
2892,Arjun Pinto, Valpoi,73
2893,Kavya Gavankar, Panaji,35
2894,Raghu Gowdru, Madgaon,76
2895,sujay Desahi, Ponda,68
2896,Aditya Salgavkar, Valpoi,52
2897,Annapa Parnadis, Vasco,58
2898,Diya Gowdru, Ponda,57
2899,leela Pinto, Canacona,56
2900,Neha Shetty, Mapusa,33
2901,Neha Pinto, Sattari,54
2902,Deepak Parnadis, Corlim,43
2903,Kiran Kamath, Vasco,50
2904,Saanvi Desahi, Sattari,64
2905,Raghu Kamath, Vasco,44
2906,Veda Gowdru, Vasco,59
2907,Reka sirsikar, Canacona,44
2908,leela Pinto, Canacona,53
2909,Anika Pinto, Bicholim,50
2910,Atul Vernekar, Corlim,30
2911,leela kulkarni, Sattari,37
2912,Neha Vernekar, Old goa,45
2913,Kavya Parnadis, Madgaon,38
2914,Pakirappa Gavankar, Panaji,52
2915,Josep Gowdru, Madgaon,48
2916,Kiran kulkarni, Mapusa,32
2917,sanju Vernekar, Bicholim,44
2918,Naveen sirsikar, Corlim,61
2919,Kavya Vernekar, Valpoi,36
2920,Annapa Shetty, Canacona,64
2921,Annapa Gowdru, Corlim,64
2922,Veda Vernekar, Valpoi,25
2923,Jagadeesh Pinto, Corlim,48
2924,vishnu Gowdru, Vasco,28
2925,sujay Salgavkar, Panaji,51
2926,Martin Parnadis, Vasco,74
2927,Santhosh Shetty, Corlim,68
2928,Shreya Desahi, Panaji,73
2929,sachin Shetty, Pernem,50
2930,Anika Vernekar, Canacona,49
2931,Nikita Salgavkar, Corlim,65
2932,Anika Vernekar, Old goa,43
2933,kishan Pinto, Old goa,66
2934,Reka Parnadis, Canacona,63
2935,sujay Desahi, Vasco,37
2936,vishnu Desahi, Corlim,64
2937,Ananya kulkarni, Sattari,48
2938,leela Vernekar, Mapusa,32
2939,Martin kulkarni, Valpoi,56
2940,Jonsan sirsikar, Sattari,44
2941,sanju Desahi, Vasco,43
2942,Rohit Desahi, Vasco,34
2943,Rohit Naik, Canacona,47
2944,sattesh Desahi, Bicholim,70
2945,sattesh Vernekar, Old goa,54
2946,Rahul Vernekar, Vasco,43
2947,Preetham Kamath, Vasco,37
2948,Aditya Salgavkar, Vasco,45
2949,shila Kamath, Sattari,26
2950,Vivaan Vernekar, Bicholim,37
2951,Kiran Gowdru, Panaji,56
2952,Rohit Gowdru, Valpoi,33
2953,Martin Gowdru, Old goa,63
2954,Raghu Kamath, Sattari,69
2955,Rahul Kamath, Bicholim,67
2956,sattesh Parnadis, Canacona,54
2957,Aarav Pinto, Corlim,71
2958,Kavya Pinto, Pernem,53
2959,Deepak Naik, Corlim,66
2960,Vishal sirsikar, Sattari,77
2961,Annapa sirsikar, Madgaon,57
2962,vishnu Salgavkar, Vasco,59
2963,Rohan kulkarni, Canacona,69
2964,Kiran Kamath, Valpoi,55
2965,Vishal Gavankar, Corlim,35
2966,Geeta Gowdru, Vasco,53
2967,Saanvi Naik, Pernem,38
2968,Preetham Shetty, Bicholim,36
2969,Savrab Desahi, Ponda,77
2970,Kiran Parnadis, Pernem,60
2971,Diya Pinto, Vasco,54
2972,Josep Desahi, Bicholim,42
2973,Neha Salgavkar, Madgaon,62
2974,Nikita Naik, Valpoi,37
2975,sattesh sirsikar, Canacona,52
2976,Arjun Salgavkar, Panaji,59
2977,sanju Gowdru, Mapusa,44
2978,Neha Vernekar, Sattari,40
2979,Vishal Vernekar, Ponda,51
2980,Ananya Naik, Old goa,56
2981,Veda Vernekar, Valpoi,33
2982,sujay kulkarni, Valpoi,64
2983,Atul Gavankar, Canacona,58
2984,Nikita Shetty, Sattari,61
2985,Preetham Desahi, Panaji,47
2986,Deepak Parnadis, Corlim,40
2987,Ananya sirsikar, Mapusa,47
2988,Ananya kulkarni, Madgaon,55
2989,Jonsan Desahi, Panaji,27
2990,Shreya sirsikar, Vasco,55
2991,Preetham Salgavkar, Vasco,69
2992,Reka Pinto, Corlim,46
2993,Reka Vernekar, Madgaon,29
2994,sujay Shetty, Madgaon,43
2995,Atul Shetty, Mapusa,52
2996,Jagadeesh Gowdru, Madgaon,59
2997,Apoorva Pinto, Corlim,69
2998,Neha Kamath, Panaji,36
2999,Savrab Shetty, Mapusa,42
3000,Kavya Vernekar, Panaji,68
3001,sattesh Pinto, Mapusa,54
3002,Atul kulkarni, Bicholim,67
3003,Cheatan Gowdru, Corlim,61
3004,Aditya kulkarni, Madgaon,54
3005,Nikita kulkarni, Bicholim,41
3006,Preetham Gavankar, Madgaon,50
3007,sanju Naik, Sattari,51
3008,Pakirappa Naik, Pernem,65
3009,Cheatan Gowdru, Corlim,37
3010,Savrab Shetty, Panaji,38
3011,Rehaman Salgavkar, Mapusa,66
3012,Saanvi Vernekar, Corlim,47
3013,shila Desahi, Old goa,35
3014,shila Kamath, Corlim,59
3015,Rehaman Salgavkar, Bicholim,64
3016,Kiran Salgavkar, Sattari,61
3017,Shruthi kulkarni, Sattari,61
3018,sanju Vernekar, Canacona,44
3019,Deepak Salgavkar, Pernem,56
3020,Santhosh Pinto, Canacona,25
3021,Jonny Gavankar, Corlim,43
3022,sattesh Vernekar, Valpoi,75
3023,Jonsan Parnadis, Bicholim,72
3024,Ragav Desahi, Panaji,39
3025,Arjun Desahi, Ponda,63
3026,Deepak Kamath, Pernem,63
3027,Ananya Pinto, Mapusa,38
3028,sanju Parnadis, Canacona,67
3029,vishnu Desahi, Sattari,58
3030,Aarav Kamath, Mapusa,37
3031,Rahul Shetty, Madgaon,31
3032,Ramesh Desahi, Panaji,74
3033,Cheatan Shetty, Vasco,64
3034,Rahul Kamath, Valpoi,36
3035,Annapa Kamath, Ponda,63
3036,Santhosh Shetty, Corlim,39
3037,Deepak Salgavkar, Vasco,65
3038,Cheatan sirsikar, Ponda,53
3039,shila Desahi, Valpoi,48
3040,sattesh Parnadis, Mapusa,62
3041,Preetham Gowdru, Canacona,71
3042,Aditya Pinto, Vasco,48
3043,Nikita Naik, Vasco,34
3044,Shruthi Gowdru, Old goa,71
3045,Ananya sirsikar, Mapusa,29
3046,Vivaan Desahi, Valpoi,31
3047,Martin Gavankar, Sattari,64
3048,Pakirappa Gowdru, Madgaon,31
3049,Ashok Pinto, Panaji,33
3050,Ragav Pinto, Pernem,74
3051,Geeta sirsikar, Canacona,46
3052,Atul Pinto, Vasco,74
3053,Arjun Naik, Mapusa,77
3054,sachin Pinto, Corlim,59
3055,Vivaan sirsikar, Madgaon,41
3056,Ragav Pinto, Madgaon,27
3057,Vivaan Salgavkar, Pernem,41
3058,Annapa Vernekar, Canacona,34
3059,Vivaan Pinto, Corlim,63
3060,Reka Gowdru, Vasco,29
3061,Annapa Vernekar, Panaji,73
3062,Pakirappa Gowdru, Corlim,46
3063,Vivaan sirsikar, Corlim,69
3064,sujay Pinto, Mapusa,58
3065,kishan Gavankar, Corlim,35
3066,Ashok Desahi, Sattari,33
3067,Apoorva Gowdru, Mapusa,66
3068,Shruthi Pinto, Panaji,77
3069,Kavya sirsikar, Pernem,48
3070,sattesh Parnadis, Pernem,61
3071,Ashok kulkarni, Corlim,47
3072,vishnu Pinto, Mapusa,63
3073,Neha Gavankar, Old goa,67
3074,Ramesh kulkarni, Mapusa,47
3075,Savrab Parnadis, Bicholim,67
3076,Rahul Desahi, Madgaon,35
3077,Jonsan Salgavkar, Bicholim,55
3078,Veda Gowdru, Madgaon,60
3079,Rahul Salgavkar, Mapusa,31
3080,shila Pinto, Sattari,72
3081,Ananya Gowdru, Vasco,37
3082,Reka Desahi, Panaji,58
3083,Rahul Gowdru, Madgaon,58
3084,Rehaman Desahi, Ponda,50
3085,Santhosh sirsikar, Mapusa,57
3086,Deepak Gavankar, Mapusa,32
3087,Veda Vernekar, Valpoi,50
3088,Kiran Pinto, Mapusa,55
3089,Santhosh Desahi, Canacona,45
3090,Nikita Desahi, Canacona,69
3091,sachin Desahi, Madgaon,61
3092,leela Parnadis, Pernem,47
3093,Pakirappa Salgavkar, Mapusa,51
3094,Vishal kulkarni, Sattari,45
3095,Rohan Desahi, Pernem,40
3096,Rehaman Desahi, Madgaon,48
3097,Anika Kamath, Ponda,26
3098,Arjun Gowdru, Bicholim,30
3099,Diya Gavankar, Corlim,43
3100,Rohit sirsikar, Ponda,56
3101,Rohit Salgavkar, Ponda,72
3102,Saanvi Gowdru, Madgaon,46
3103,Veda Desahi, Panaji,33
3104,Rahul Gowdru, Pernem,71
3105,Jonny Desahi, Canacona,41
3106,Aditya Desahi, Madgaon,59
3107,Rahul Gavankar, Pernem,66
3108,shila Gowdru, Valpoi,60
3109,Josep kulkarni, Panaji,51
3110,Raghu Pinto, Valpoi,42
3111,Rohit Vernekar, Mapusa,41
3112,Rahul Gavankar, Pernem,53
3113,Cheatan Vernekar, Valpoi,32
3114,Aditya Kamath, Mapusa,36
3115,Aarav Desahi, Vasco,57
3116,kishan Pinto, Panaji,29
3117,Anika Vernekar, Bicholim,26
3118,Shreya Parnadis, Mapusa,57
3119,leela Parnadis, Canacona,62
3120,Raghu Desahi, Canacona,28
3121,Rahul Desahi, Corlim,36
3122,Ashok Shetty, Corlim,43
3123,Martin Desahi, Valpoi,62
3124,Jagadeesh Vernekar, Vasco,29
3125,Neha kulkarni, Ponda,28
3126,Deepak Salgavkar, Mapusa,44
3127,Atul Gowdru, Pernem,41
3128,Saanvi kulkarni, Pernem,36
3129,Jonny Pinto, Ponda,73
3130,Ananya Gowdru, Old goa,70
3131,Cheatan Desahi, Valpoi,42
3132,vishnu Salgavkar, Corlim,42
3133,Jonsan Naik, Old goa,31
3134,Apoorva Kamath, Sattari,62
3135,Santhosh Gavankar, Pernem,30
3136,Ananya Salgavkar, Corlim,73
3137,Kiran Parnadis, Corlim,30
3138,Atul Kamath, Pernem,35
3139,leela Salgavkar, Vasco,63
3140,sachin Parnadis, Pernem,69
3141,Shruthi Naik, Pernem,48
3142,Ragav Desahi, Panaji,27
3143,Geeta Naik, Valpoi,28
3144,Anika Kamath, Sattari,64
3145,Annapa kulkarni, Sattari,46
3146,shila Desahi, Sattari,33
3147,Martin Naik, Sattari,60
3148,Reka Vernekar, Panaji,57
3149,Saanvi Kamath, Old goa,68
3150,Rehaman kulkarni, Corlim,48
3151,Rehaman kulkarni, Pernem,28
3152,Naveen Gowdru, Panaji,53
3153,Preetham Vernekar, Corlim,71
3154,Rehaman Shetty, Sattari,48
3155,Annapa Kamath, Sattari,69
3156,Diya kulkarni, Old goa,77
3157,kishan kulkarni, Bicholim,74
3158,Rehaman Shetty, Pernem,75
3159,Apoorva sirsikar, Vasco,46
3160,Saanvi sirsikar, Ponda,63
3161,Reka Pinto, Vasco,66
3162,kishan sirsikar, Vasco,35
3163,Kavya Parnadis, Valpoi,58
3164,Vishal sirsikar, Madgaon,56
3165,Raghu Gowdru, Panaji,50
3166,Nikita Desahi, Corlim,66
3167,Vishal sirsikar, Mapusa,38
3168,Ananya Kamath, Canacona,64
3169,Arjun kulkarni, Mapusa,68
3170,Ramesh Vernekar, Corlim,45
3171,Santhosh Parnadis, Canacona,74
3172,Jonny Gavankar, Bicholim,71
3173,Jonny Shetty, Vasco,63
3174,Rohit Kamath, Corlim,41
3175,Vishal Shetty, Panaji,55
3176,Santhosh Desahi, Canacona,54
3177,sujay Shetty, Panaji,44
3178,sattesh kulkarni, Bicholim,28
3179,Kavya Kamath, Valpoi,41
3180,Preetham Gavankar, Old goa,62
3181,Ashok Vernekar, Valpoi,57
3182,Martin Kamath, Mapusa,74
3183,Shruthi Gowdru, Bicholim,55
3184,Annapa Gavankar, Bicholim,75
3185,Aditya kulkarni, Vasco,51
3186,Kavya Vernekar, Mapusa,60
3187,Kiran Parnadis, Madgaon,41
3188,Ananya Gavankar, Old goa,69
3189,Raghu Gavankar, Panaji,30
3190,Geeta Desahi, Sattari,49
3191,Arjun Salgavkar, Vasco,74
3192,Vivaan Salgavkar, Valpoi,25
3193,Deepak Vernekar, Vasco,62
3194,leela kulkarni, Panaji,77
3195,Rehaman kulkarni, Corlim,33
3196,Diya kulkarni, Bicholim,37
3197,Arjun Gowdru, Ponda,34
3198,kishan Shetty, Panaji,40
3199,Apoorva Vernekar, Sattari,36
3200,Kiran Vernekar, Bicholim,44
3201,Neha kulkarni, Sattari,44
3202,Jagadeesh Desahi, Pernem,64
3203,Vivaan Vernekar, Sattari,49
3204,Aditya sirsikar, Corlim,44
3205,Saanvi Naik, Bicholim,77
3206,Saanvi Desahi, Corlim,75
3207,Aditya sirsikar, Mapusa,38
3208,Vishal Desahi, Old goa,65
3209,Veda kulkarni, Corlim,70
3210,Annapa Desahi, Sattari,28
3211,leela Salgavkar, Ponda,35
